const uint8_t Roboto_Bold40pt7bBitmaps[] PROGMEM = {
  0x00, 0xFF, 0xFF, 0xFF, 0xFF, 0xFF, 0xFF, 0xFF, 0xFF, 0xFE, 0xFF, 0xEF,
  0xFE, 0xFF, 0xEF, 0xFE, 0xFF, 0xEF, 0xFE, 0xFF, 0xEF, 0xFE, 0xFF, 0xEF,
  0xFE, 0x7F, 0xE7, 0xFE, 0x7F, 0xE7, 0xFE, 0x7F, 0xE7, 0xFE, 0x7F, 0xE7,
  0xFE, 0x7F, 0xE7, 0xFE, 0x7F, 0xE7, 0xFE, 0x7F, 0xE7, 0xFE, 0x7F, 0xE7,
  0xFE, 0x7F, 0xE7, 0xFE, 0x7F, 0xE7, 0xFE, 0x7F, 0xC7, 0xFC, 0x7F, 0xC0,
  0x00, 0x00, 0x00, 0x00, 0x00, 0x00, 0x00, 0x00, 0x01, 0xF8, 0x7F, 0xC7,
  0xFE, 0xFF, 0xFF, 0xFF, 0xFF, 0xFF, 0xFF, 0xFF, 0xF7, 0xFE, 0x7F, 0xC1,
  0xF8, 0xFF, 0x07, 0xFF, 0xF0, 0x7F, 0xFF, 0x07, 0xFF, 0xF0, 0x7F, 0xFF,
  0x07, 0xFF, 0xF0, 0x7F, 0xFF, 0x07, 0xFF, 0xF0, 0x7F, 0xFF, 0x07, 0xFF,
  0xF0, 0x7F, 0xFF, 0x07, 0xFF, 0xE0, 0x7F, 0xFE, 0x07, 0xFF, 0xE0, 0x7F,
  0xFE, 0x07, 0xFF, 0xE0, 0x7E, 0xFE, 0x07, 0xEF, 0xE0, 0x7E, 0xFE, 0x07,
  0xEF, 0xE0, 0x7E, 0xFE, 0x07, 0xE0, 0x00, 0x00, 0xFE, 0x03, 0xF8, 0x00,
  0x00, 0x1F, 0x80, 0x7F, 0x00, 0x00, 0x07, 0xF0, 0x0F, 0xE0, 0x00, 0x00,
  0xFE, 0x01, 0xF8, 0x00, 0x00, 0x1F, 0xC0, 0x7F, 0x00, 0x00, 0x03, 0xF8,
  0x0F, 0xE0, 0x00, 0x00, 0x7F, 0x01, 0xFC, 0x00, 0x00, 0x0F, 0xC0, 0x3F,
  0x80, 0x00, 0x03, 0xF8, 0x07, 0xF0, 0x00, 0x00, 0x7F, 0x01, 0xFC, 0x00,
  0x00, 0x0F, 0xE0, 0x3F, 0x80, 0x00, 0x01, 0xFC, 0x07, 0xF0, 0x00, 0x00,
  0x3F, 0x80, 0xFE, 0x00, 0x00, 0x0F, 0xE0, 0x1F, 0xC0, 0x00, 0x01, 0xFC,
  0x03, 0xF8, 0x00, 0x00, 0x3F, 0x80, 0xFE, 0x00, 0x1F, 0xFF, 0xFF, 0xFF,
  0xFF, 0xE3, 0xFF, 0xFF, 0xFF, 0xFF, 0xFC, 0x7F, 0xFF, 0xFF, 0xFF, 0xFF,
  0x8F, 0xFF, 0xFF, 0xFF, 0xFF, 0xF1, 0xFF, 0xFF, 0xFF, 0xFF, 0xFE, 0x3F,
  0xFF, 0xFF, 0xFF, 0xFF, 0xC0, 0x03, 0xF8, 0x0F, 0xE0, 0x00, 0x00, 0x7F,
  0x01, 0xFC, 0x00, 0x00, 0x0F, 0xC0, 0x3F, 0x80, 0x00, 0x03, 0xF8, 0x07,
  0xF0, 0x00, 0x00, 0x7F, 0x01, 0xFC, 0x00, 0x00, 0x0F, 0xE0, 0x3F, 0x80,
  0x00, 0x01, 0xFC, 0x07, 0xF0, 0x00, 0x00, 0x3F, 0x80, 0xFE, 0x00, 0x00,
  0x0F, 0xE0, 0x1F, 0xC0, 0x00, 0x01, 0xFC, 0x03, 0xF8, 0x00, 0x00, 0x3F,
  0x80, 0xFE, 0x00, 0x1F, 0xFF, 0xFF, 0xFF, 0xFF, 0xE3, 0xFF, 0xFF, 0xFF,
  0xFF, 0xFC, 0x7F, 0xFF, 0xFF, 0xFF, 0xFF, 0x8F, 0xFF, 0xFF, 0xFF, 0xFF,
  0xF1, 0xFF, 0xFF, 0xFF, 0xFF, 0xFE, 0x3F, 0xFF, 0xFF, 0xFF, 0xFF, 0xC0,
  0x03, 0xF8, 0x0F, 0xE0, 0x00, 0x00, 0x7F, 0x01, 0xFC, 0x00, 0x00, 0x0F,
  0xC0, 0x3F, 0x80, 0x00, 0x03, 0xF8, 0x07, 0xF0, 0x00, 0x00, 0x7F, 0x01,
  0xFC, 0x00, 0x00, 0x0F, 0xE0, 0x3F, 0x80, 0x00, 0x01, 0xFC, 0x07, 0xF0,
  0x00, 0x00, 0x3F, 0x80, 0xFE, 0x00, 0x00, 0x0F, 0xE0, 0x1F, 0xC0, 0x00,
  0x01, 0xFC, 0x03, 0xF8, 0x00, 0x00, 0x3F, 0x80, 0xFE, 0x00, 0x00, 0x07,
  0xF0, 0x1F, 0xC0, 0x00, 0x00, 0xFE, 0x03, 0xF8, 0x00, 0x00, 0x1F, 0xC0,
  0x7F, 0x00, 0x00, 0x07, 0xF0, 0x0F, 0xE0, 0x00, 0x00, 0xFE, 0x01, 0xF8,
  0x00, 0x00, 0x00, 0x00, 0x3F, 0x00, 0x00, 0x00, 0x00, 0xFC, 0x00, 0x00,
  0x00, 0x03, 0xF0, 0x00, 0x00, 0x00, 0x0F, 0xC0, 0x00, 0x00, 0x00, 0x3F,
  0x00, 0x00, 0x00, 0x00, 0xFC, 0x00, 0x00, 0x00, 0x03, 0xF0, 0x00, 0x00,
  0x00, 0x0F, 0xC0, 0x00, 0x00, 0x01, 0xFF, 0x80, 0x00, 0x00, 0x3F, 0xFF,
  0xC0, 0x00, 0x03, 0xFF, 0xFF, 0xC0, 0x00, 0x3F, 0xFF, 0xFF, 0xC0, 0x01,
  0xFF, 0xFF, 0xFF, 0x80, 0x0F, 0xFF, 0xFF, 0xFF, 0x00, 0x7F, 0xFF, 0xFF,
  0xFE, 0x01, 0xFF, 0xFF, 0xFF, 0xF8, 0x0F, 0xFF, 0xFF, 0xFF, 0xF0, 0x3F,
  0xFC, 0x03, 0xFF, 0xE1, 0xFF, 0xE0, 0x07, 0xFF, 0x87, 0xFF, 0x00, 0x0F,
  0xFE, 0x1F, 0xFC, 0x00, 0x3F, 0xFC, 0x7F, 0xF0, 0x00, 0x7F, 0xF1, 0xFF,
  0xC0, 0x01, 0xFF, 0xC7, 0xFF, 0x00, 0x07, 0xFF, 0x1F, 0xFC, 0x00, 0x1F,
  0xFC, 0x7F, 0xF0, 0x00, 0x7F, 0xF1, 0xFF, 0xC0, 0x00, 0x00, 0x07, 0xFF,
  0x80, 0x00, 0x00, 0x1F, 0xFF, 0x00, 0x00, 0x00, 0x3F, 0xFE, 0x00, 0x00,
  0x00, 0xFF, 0xFC, 0x00, 0x00, 0x01, 0xFF, 0xFE, 0x00, 0x00, 0x07, 0xFF,
  0xFE, 0x00, 0x00, 0x0F, 0xFF, 0xFE, 0x00, 0x00, 0x1F, 0xFF, 0xFE, 0x00,
  0x00, 0x3F, 0xFF, 0xFE, 0x00, 0x00, 0x3F, 0xFF, 0xFE, 0x00, 0x00, 0x7F,
  0xFF, 0xFC, 0x00, 0x00, 0x7F, 0xFF, 0xFC, 0x00, 0x00, 0x3F, 0xFF, 0xF8,
  0x00, 0x00, 0x3F, 0xFF, 0xE0, 0x00, 0x00, 0x3F, 0xFF, 0xC0, 0x00, 0x00,
  0x1F, 0xFF, 0x80, 0x00, 0x00, 0x3F, 0xFE, 0x00, 0x00, 0x00, 0x7F, 0xF8,
  0x00, 0x00, 0x00, 0xFF, 0xF0, 0x00, 0x00, 0x01, 0xFF, 0xFF, 0xF8, 0x00,
  0x07, 0xFF, 0x7F, 0xF0, 0x00, 0x1F, 0xFD, 0xFF, 0xC0, 0x00, 0x7F, 0xF7,
  0xFF, 0x00, 0x01, 0xFF, 0xDF, 0xFC, 0x00, 0x07, 0xFF, 0x7F, 0xF8, 0x00,
  0x1F, 0xFD, 0xFF, 0xE0, 0x00, 0xFF, 0xF3, 0xFF, 0xC0, 0x07, 0xFF, 0x8F,
  0xFF, 0xC0, 0x3F, 0xFE, 0x1F, 0xFF, 0xFF, 0xFF, 0xF8, 0x7F, 0xFF, 0xFF,
  0xFF, 0xC0, 0xFF, 0xFF, 0xFF, 0xFE, 0x01, 0xFF, 0xFF, 0xFF, 0xF8, 0x03,
  0xFF, 0xFF, 0xFF, 0xC0, 0x07, 0xFF, 0xFF, 0xFC, 0x00, 0x07, 0xFF, 0xFF,
  0xE0, 0x00, 0x07, 0xFF, 0xFE, 0x00, 0x00, 0x01, 0xFF, 0x80, 0x00, 0x00,
  0x01, 0xF8, 0x00, 0x00, 0x00, 0x07, 0xE0, 0x00, 0x00, 0x00, 0x1F, 0x80,
  0x00, 0x00, 0x00, 0x7E, 0x00, 0x00, 0x00, 0x01, 0xF8, 0x00, 0x00, 0x00,
  0x07, 0xE0, 0x00, 0x00, 0x00, 0x1F, 0x80, 0x00, 0x00, 0xFF, 0x00, 0x00,
  0x00, 0x00, 0x01, 0xFF, 0xF0, 0x00, 0x00, 0x00, 0x00, 0xFF, 0xFF, 0x00,
  0x00, 0x00, 0x00, 0x7F, 0xFF, 0xE0, 0x00, 0x00, 0x00, 0x3F, 0xFF, 0xFC,
  0x00, 0x00, 0x00, 0x1F, 0xFF, 0xFF, 0x00, 0x00, 0x00, 0x07, 0xFC, 0x7F,
  0xE0, 0x01, 0x80, 0x03, 0xFC, 0x07, 0xF8, 0x00, 0x78, 0x00, 0xFF, 0x00,
  0xFE, 0x00, 0x3F, 0x80, 0x3F, 0x80, 0x3F, 0xC0, 0x1F, 0xC0, 0x0F, 0xE0,
  0x0F, 0xF0, 0x07, 0xF0, 0x03, 0xF8, 0x03, 0xFC, 0x03, 0xF8, 0x00, 0xFE,
  0x00, 0xFF, 0x01, 0xFE, 0x00, 0x3F, 0x80, 0x3F, 0xC0, 0x7F, 0x00, 0x0F,
  0xE0, 0x0F, 0xF0, 0x3F, 0x80, 0x03, 0xF8, 0x03, 0xFC, 0x0F, 0xE0, 0x00,
  0xFE, 0x00, 0xFF, 0x07, 0xF0, 0x00, 0x3F, 0xC0, 0x3F, 0x83, 0xF8, 0x00,
  0x0F, 0xF0, 0x1F, 0xE0, 0xFE, 0x00, 0x01, 0xFF, 0x0F, 0xF8, 0x7F, 0x00,
  0x00, 0x7F, 0xFF, 0xFC, 0x3F, 0xC0, 0x00, 0x0F, 0xFF, 0xFF, 0x0F, 0xE0,
  0x00, 0x01, 0xFF, 0xFF, 0x87, 0xF0, 0x00, 0x00, 0x3F, 0xFF, 0xC1, 0xFC,
  0x00, 0x00, 0x07, 0xFF, 0xC0, 0xFE, 0x00, 0x00, 0x00, 0x3F, 0xC0, 0x7F,
  0x00, 0x00, 0x00, 0x00, 0x00, 0x1F, 0xC0, 0x00, 0x00, 0x00, 0x00, 0x0F,
  0xE0, 0x00, 0x00, 0x00, 0x00, 0x07, 0xF8, 0x00, 0x00, 0x00, 0x00, 0x01,
  0xFC, 0x00, 0x00, 0x00, 0x00, 0x00, 0xFE, 0x00, 0x00, 0x00, 0x00, 0x00,
  0x3F, 0x80, 0xFF, 0x00, 0x00, 0x00, 0x1F, 0xC0, 0xFF, 0xF8, 0x00, 0x00,
  0x0F, 0xE0, 0xFF, 0xFF, 0x00, 0x00, 0x03, 0xF8, 0x7F, 0xFF, 0xE0, 0x00,
  0x01, 0xFC, 0x3F, 0xFF, 0xFC, 0x00, 0x00, 0xFF, 0x0F, 0xFF, 0xFF, 0x80,
  0x00, 0x3F, 0x87, 0xFC, 0x3F, 0xE0, 0x00, 0x1F, 0xC1, 0xFE, 0x03, 0xFC,
  0x00, 0x07, 0xF0, 0x7F, 0x00, 0xFF, 0x00, 0x03, 0xF8, 0x3F, 0xC0, 0x1F,
  0xC0, 0x01, 0xFC, 0x0F, 0xF0, 0x07, 0xF0, 0x00, 0x7F, 0x03, 0xF8, 0x01,
  0xFC, 0x00, 0x3F, 0x80, 0xFE, 0x00, 0x7F, 0x00, 0x1F, 0xE0, 0x3F, 0x80,
  0x1F, 0xC0, 0x07, 0xF0, 0x0F, 0xE0, 0x07, 0xF0, 0x03, 0xF8, 0x03, 0xFC,
  0x01, 0xFC, 0x00, 0xFE, 0x00, 0xFF, 0x00, 0x7F, 0x00, 0x7F, 0x00, 0x1F,
  0xC0, 0x3F, 0xC0, 0x1F, 0x80, 0x07, 0xF8, 0x0F, 0xF0, 0x01, 0xE0, 0x01,
  0xFF, 0x8F, 0xF8, 0x00, 0x10, 0x00, 0x3F, 0xFF, 0xFE, 0x00, 0x00, 0x00,
  0x0F, 0xFF, 0xFF, 0x00, 0x00, 0x00, 0x01, 0xFF, 0xFF, 0x80, 0x00, 0x00,
  0x00, 0x3F, 0xFF, 0xC0, 0x00, 0x00, 0x00, 0x03, 0xFF, 0xE0, 0x00, 0x00,
  0x00, 0x00, 0x3F, 0xC0, 0x00, 0x00, 0x01, 0xFF, 0x00, 0x00, 0x00, 0x00,
  0x1F, 0xFF, 0xC0, 0x00, 0x00, 0x00, 0xFF, 0xFF, 0xC0, 0x00, 0x00, 0x03,
  0xFF, 0xFF, 0xC0, 0x00, 0x00, 0x0F, 0xFF, 0xFF, 0xE0, 0x00, 0x00, 0x3F,
  0xFF, 0xFF, 0xC0, 0x00, 0x00, 0x7F, 0xFF, 0xFF, 0xC0, 0x00, 0x01, 0xFF,
  0xFF, 0xFF, 0x80, 0x00, 0x03, 0xFF, 0xFF, 0xFF, 0x80, 0x00, 0x0F, 0xFE,
  0x03, 0xFF, 0x00, 0x00, 0x1F, 0xF8, 0x03, 0xFE, 0x00, 0x00, 0x3F, 0xF0,
  0x07, 0xFE, 0x00, 0x00, 0x7F, 0xE0, 0x0F, 0xFC, 0x00, 0x01, 0xFF, 0x80,
  0x0F, 0xF8, 0x00, 0x03, 0xFF, 0x00, 0x1F, 0xF0, 0x00, 0x03, 0xFE, 0x00,
  0x7F, 0xC0, 0x00, 0x07, 0xFE, 0x00, 0xFF, 0x80, 0x00, 0x0F, 0xFC, 0x03,
  0xFF, 0x00, 0x00, 0x1F, 0xFC, 0x0F, 0xFC, 0x00, 0x00, 0x3F, 0xF8, 0x3F,
  0xF8, 0x00, 0x00, 0x3F, 0xF9, 0xFF, 0xE0, 0x00, 0x00, 0x7F, 0xFF, 0xFF,
  0x80, 0x00, 0x00, 0x7F, 0xFF, 0xFE, 0x00, 0x00, 0x00, 0xFF, 0xFF, 0xF8,
  0x00, 0x00, 0x00, 0xFF, 0xFF, 0xE0, 0x00, 0x00, 0x00, 0xFF, 0xFF, 0x80,
  0x00, 0x00, 0x00, 0xFF, 0xFC, 0x00, 0x00, 0x00, 0x03, 0xFF, 0xF0, 0x00,
  0x00, 0x00, 0x1F, 0xFF, 0xF0, 0x00, 0x00, 0x00, 0x7F, 0xFF, 0xE0, 0x03,
  0xFE, 0x01, 0xFF, 0xFF, 0xE0, 0x07, 0xFC, 0x07, 0xFF, 0xFF, 0xE0, 0x0F,
  0xF8, 0x1F, 0xFF, 0xFF, 0xE0, 0x3F, 0xF0, 0x7F, 0xFB, 0xFF, 0xE0, 0x7F,
  0xE0, 0xFF, 0xE3, 0xFF, 0xE0, 0xFF, 0xC3, 0xFF, 0x83, 0xFF, 0xE1, 0xFF,
  0x07, 0xFF, 0x03, 0xFF, 0xC7, 0xFE, 0x1F, 0xFC, 0x03, 0xFF, 0xCF, 0xFC,
  0x3F, 0xF8, 0x03, 0xFF, 0xDF, 0xF8, 0x7F, 0xF0, 0x07, 0xFF, 0xFF, 0xF0,
  0xFF, 0xE0, 0x07, 0xFF, 0xFF, 0xC1, 0xFF, 0xC0, 0x07, 0xFF, 0xFF, 0x83,
  0xFF, 0x80, 0x07, 0xFF, 0xFE, 0x07, 0xFF, 0x00, 0x07, 0xFF, 0xFC, 0x0F,
  0xFF, 0x00, 0x07, 0xFF, 0xF0, 0x1F, 0xFE, 0x00, 0x07, 0xFF, 0xE0, 0x3F,
  0xFE, 0x00, 0x1F, 0xFF, 0x80, 0x3F, 0xFE, 0x00, 0xFF, 0xFF, 0x80, 0x7F,
  0xFF, 0xFF, 0xFF, 0xFF, 0x80, 0x7F, 0xFF, 0xFF, 0xFF, 0xFF, 0x80, 0x7F,
  0xFF, 0xFF, 0xFF, 0xFF, 0x80, 0xFF, 0xFF, 0xFF, 0xFF, 0xFF, 0x00, 0xFF,
  0xFF, 0xFF, 0xFF, 0xFF, 0x00, 0x7F, 0xFF, 0xFF, 0xCF, 0xFF, 0x00, 0x7F,
  0xFF, 0xFE, 0x0F, 0xFF, 0x00, 0x3F, 0xFF, 0xF0, 0x1F, 0xFF, 0x00, 0x07,
  0xFE, 0x00, 0x00, 0x00, 0xFF, 0xFF, 0xFF, 0xFF, 0xFF, 0xFF, 0xFF, 0xFF,
  0xFF, 0xFF, 0xFF, 0xFF, 0xFF, 0xFF, 0xFF, 0xFF, 0xFF, 0xFF, 0xFF, 0xFE,
  0xFE, 0x00, 0x00, 0x20, 0x00, 0x07, 0x00, 0x00, 0x7C, 0x00, 0x0F, 0xE0,
  0x00, 0xFF, 0x00, 0x0F, 0xFC, 0x00, 0xFF, 0xC0, 0x07, 0xFC, 0x00, 0x7F,
  0xC0, 0x07, 0xFC, 0x00, 0x7F, 0xC0, 0x03, 0xFE, 0x00, 0x3F, 0xE0, 0x01,
  0xFE, 0x00, 0x1F, 0xF0, 0x00, 0xFF, 0x00, 0x0F, 0xF8, 0x00, 0x7F, 0xC0,
  0x07, 0xFC, 0x00, 0x3F, 0xE0, 0x01, 0xFE, 0x00, 0x1F, 0xF0, 0x00, 0xFF,
  0x80, 0x07, 0xFC, 0x00, 0x7F, 0xC0, 0x03, 0xFE, 0x00, 0x1F, 0xF0, 0x00,
  0xFF, 0x80, 0x07, 0xFC, 0x00, 0x7F, 0xE0, 0x03, 0xFE, 0x00, 0x1F, 0xF0,
  0x00, 0xFF, 0x80, 0x07, 0xFC, 0x00, 0x3F, 0xE0, 0x01, 0xFF, 0x00, 0x0F,
  0xF8, 0x00, 0x7F, 0xC0, 0x03, 0xFE, 0x00, 0x1F, 0xF0, 0x00, 0xFF, 0x80,
  0x07, 0xFC, 0x00, 0x3F, 0xE0, 0x01, 0xFF, 0x00, 0x0F, 0xF8, 0x00, 0x7F,
  0xC0, 0x03, 0xFE, 0x00, 0x1F, 0xF0, 0x00, 0xFF, 0x80, 0x07, 0xFC, 0x00,
  0x1F, 0xF0, 0x00, 0xFF, 0x80, 0x07, 0xFC, 0x00, 0x3F, 0xE0, 0x01, 0xFF,
  0x00, 0x07, 0xFC, 0x00, 0x3F, 0xE0, 0x01, 0xFF, 0x00, 0x07, 0xF8, 0x00,
  0x3F, 0xE0, 0x01, 0xFF, 0x00, 0x07, 0xF8, 0x00, 0x3F, 0xE0, 0x00, 0xFF,
  0x00, 0x07, 0xFC, 0x00, 0x1F, 0xE0, 0x00, 0xFF, 0x80, 0x03, 0xFE, 0x00,
  0x1F, 0xF0, 0x00, 0x7F, 0xC0, 0x01, 0xFF, 0x00, 0x07, 0xFC, 0x00, 0x3F,
  0xF0, 0x00, 0xFF, 0xC0, 0x03, 0xFC, 0x00, 0x0F, 0xE0, 0x00, 0x1F, 0x00,
  0x00, 0x70, 0x00, 0x00, 0x80, 0x60, 0x00, 0x03, 0x80, 0x00, 0x1F, 0x00,
  0x01, 0xFC, 0x00, 0x0F, 0xF0, 0x00, 0x7F, 0xC0, 0x03, 0xFF, 0x00, 0x07,
  0xFC, 0x00, 0x3F, 0xF0, 0x00, 0xFF, 0x80, 0x03, 0xFE, 0x00, 0x0F, 0xF8,
  0x00, 0x7F, 0xC0, 0x01, 0xFF, 0x00, 0x0F, 0xF8, 0x00, 0x3F, 0xE0, 0x01,
  0xFF, 0x00, 0x07, 0xFC, 0x00, 0x3F, 0xE0, 0x01, 0xFF, 0x80, 0x07, 0xFC,
  0x00, 0x3F, 0xE0, 0x01, 0xFF, 0x80, 0x07, 0xFC, 0x00, 0x3F, 0xE0, 0x01,
  0xFF, 0x80, 0x0F, 0xFC, 0x00, 0x7F, 0xE0, 0x01, 0xFF, 0x00, 0x0F, 0xF8,
  0x00, 0x7F, 0xE0, 0x03, 0xFF, 0x00, 0x1F, 0xF8, 0x00, 0xFF, 0xC0, 0x07,
  0xFE, 0x00, 0x3F, 0xF0, 0x01, 0xFF, 0x80, 0x0F, 0xFC, 0x00, 0x7F, 0xE0,
  0x03, 0xFF, 0x00, 0x1F, 0xF8, 0x00, 0xFF, 0xC0, 0x07, 0xFE, 0x00, 0x3F,
  0xF0, 0x01, 0xFF, 0x80, 0x0F, 0xFC, 0x00, 0x7F, 0xE0, 0x03, 0xFF, 0x00,
  0x1F, 0xF8, 0x00, 0xFF, 0x80, 0x07, 0xFC, 0x00, 0x7F, 0xE0, 0x03, 0xFF,
  0x00, 0x1F, 0xF8, 0x00, 0xFF, 0x80, 0x07, 0xFC, 0x00, 0x7F, 0xE0, 0x03,
  0xFE, 0x00, 0x1F, 0xF0, 0x01, 0xFF, 0x80, 0x0F, 0xF8, 0x00, 0x7F, 0xC0,
  0x07, 0xFC, 0x00, 0x3F, 0xE0, 0x03, 0xFE, 0x00, 0x1F, 0xF0, 0x01, 0xFF,
  0x00, 0x0F, 0xF8, 0x00, 0xFF, 0x80, 0x0F, 0xF8, 0x00, 0x7F, 0xC0, 0x07,
  0xFC, 0x00, 0x7F, 0xC0, 0x07, 0xFC, 0x00, 0x3F, 0xC0, 0x01, 0xFC, 0x00,
  0x07, 0xC0, 0x00, 0x38, 0x00, 0x01, 0x80, 0x00, 0x00, 0x00, 0x07, 0xF8,
  0x00, 0x00, 0x00, 0xFE, 0x00, 0x00, 0x00, 0x3F, 0x80, 0x00, 0x00, 0x0F,
  0xE0, 0x00, 0x00, 0x03, 0xF8, 0x00, 0x00, 0x00, 0xFE, 0x00, 0x00, 0x00,
  0x3F, 0x00, 0x00, 0x00, 0x0F, 0xC0, 0x00, 0x20, 0x03, 0xF0, 0x00, 0x0E,
  0x00, 0xFC, 0x00, 0xC3, 0xF0, 0x3F, 0x01, 0xF1, 0xFF, 0x0F, 0xC1, 0xFE,
  0x7F, 0xFB, 0xF3, 0xFF, 0x9F, 0xFF, 0xFF, 0xFF, 0xEF, 0xFF, 0xFF, 0xFF,
  0xFC, 0xFF, 0xFF, 0xFF, 0xFF, 0x07, 0xFF, 0xFF, 0xFC, 0x00, 0x1F, 0xFF,
  0xF8, 0x00, 0x00, 0xFF, 0xE0, 0x00, 0x00, 0x7F, 0xF0, 0x00, 0x00, 0x3F,
  0xFE, 0x00, 0x00, 0x0F, 0xFF, 0xC0, 0x00, 0x07, 0xF7, 0xF8, 0x00, 0x03,
  0xFC, 0xFE, 0x00, 0x01, 0xFE, 0x3F, 0xC0, 0x00, 0xFF, 0x07, 0xF8, 0x00,
  0x3F, 0xC0, 0xFF, 0x00, 0x1F, 0xE0, 0x3F, 0xE0, 0x0F, 0xF8, 0x07, 0xF8,
  0x01, 0xFC, 0x00, 0xFE, 0x00, 0x1E, 0x00, 0x3E, 0x00, 0x03, 0x80, 0x07,
  0x00, 0x00, 0x00, 0x01, 0x00, 0x00, 0x00, 0x03, 0xFF, 0x00, 0x00, 0x00,
  0x0F, 0xFC, 0x00, 0x00, 0x00, 0x3F, 0xF0, 0x00, 0x00, 0x00, 0xFF, 0xC0,
  0x00, 0x00, 0x03, 0xFF, 0x00, 0x00, 0x00, 0x0F, 0xFC, 0x00, 0x00, 0x00,
  0x3F, 0xF0, 0x00, 0x00, 0x00, 0xFF, 0xC0, 0x00, 0x00, 0x03, 0xFF, 0x00,
  0x00, 0x00, 0x0F, 0xFC, 0x00, 0x00, 0x00, 0x3F, 0xF0, 0x00, 0x00, 0x00,
  0xFF, 0xC0, 0x00, 0x00, 0x03, 0xFF, 0x00, 0x00, 0x00, 0x0F, 0xFC, 0x00,
  0x00, 0x00, 0x3F, 0xF0, 0x00, 0x3F, 0xFF, 0xFF, 0xFF, 0xFF, 0xFF, 0xFF,
  0xFF, 0xFF, 0xFF, 0xFF, 0xFF, 0xFF, 0xFF, 0xFF, 0xFF, 0xFF, 0xFF, 0xFF,
  0xFF, 0xFF, 0xFF, 0xFF, 0xFF, 0xFF, 0xFF, 0xFF, 0xFF, 0xFF, 0xFF, 0xFF,
  0xFF, 0xFF, 0xFF, 0xFF, 0xFF, 0xFF, 0xFF, 0xFF, 0xFF, 0xFF, 0xFF, 0xFF,
  0xFF, 0xFF, 0xFF, 0xFF, 0xFC, 0x00, 0x0F, 0xFC, 0x00, 0x00, 0x00, 0x3F,
  0xF0, 0x00, 0x00, 0x00, 0xFF, 0xC0, 0x00, 0x00, 0x03, 0xFF, 0x00, 0x00,
  0x00, 0x0F, 0xFC, 0x00, 0x00, 0x00, 0x3F, 0xF0, 0x00, 0x00, 0x00, 0xFF,
  0xC0, 0x00, 0x00, 0x03, 0xFF, 0x00, 0x00, 0x00, 0x0F, 0xFC, 0x00, 0x00,
  0x00, 0x3F, 0xF0, 0x00, 0x00, 0x00, 0xFF, 0xC0, 0x00, 0x00, 0x03, 0xFF,
  0x00, 0x00, 0x00, 0x0F, 0xFC, 0x00, 0x00, 0x00, 0x3F, 0xF0, 0x00, 0x00,
  0x00, 0xFF, 0xC0, 0x00, 0x00, 0x03, 0xFF, 0x00, 0x00, 0x0F, 0xFC, 0x3F,
  0xF0, 0xFF, 0xC3, 0xFF, 0x0F, 0xFC, 0x3F, 0xF0, 0xFF, 0xC3, 0xFF, 0x0F,
  0xFC, 0x3F, 0xE0, 0xFF, 0x83, 0xFE, 0x0F, 0xF8, 0x3F, 0xE1, 0xFF, 0x07,
  0xFC, 0x3F, 0xE0, 0xFF, 0x87, 0xFC, 0x1F, 0xE0, 0x7F, 0x80, 0x7C, 0x00,
  0x60, 0x00, 0xFF, 0xFF, 0xFF, 0xFF, 0xFF, 0xFF, 0xFF, 0xFF, 0xFF, 0xFF,
  0xFF, 0xFF, 0xFF, 0xFF, 0xFF, 0xFF, 0xFF, 0xFF, 0xFF, 0xFF, 0xFF, 0xFF,
  0xFF, 0xFF, 0xFC, 0x3F, 0xC7, 0xFE, 0xFF, 0xFF, 0xFF, 0xFF, 0xFF, 0xFF,
  0xFF, 0xFF, 0xFF, 0x7F, 0xE3, 0xFC, 0x1F, 0x80, 0x00, 0x00, 0x07, 0xF8,
  0x00, 0x00, 0x7F, 0x80, 0x00, 0x03, 0xFC, 0x00, 0x00, 0x1F, 0xE0, 0x00,
  0x01, 0xFE, 0x00, 0x00, 0x0F, 0xF0, 0x00, 0x00, 0x7F, 0x80, 0x00, 0x07,
  0xF8, 0x00, 0x00, 0x3F, 0xC0, 0x00, 0x01, 0xFE, 0x00, 0x00, 0x1F, 0xE0,
  0x00, 0x00, 0xFF, 0x00, 0x00, 0x07, 0xF8, 0x00, 0x00, 0x7F, 0x80, 0x00,
  0x03, 0xFC, 0x00, 0x00, 0x1F, 0xE0, 0x00, 0x01, 0xFE, 0x00, 0x00, 0x0F,
  0xF0, 0x00, 0x00, 0x7F, 0x80, 0x00, 0x07, 0xF8, 0x00, 0x00, 0x3F, 0xC0,
  0x00, 0x01, 0xFE, 0x00, 0x00, 0x1F, 0xE0, 0x00, 0x00, 0xFF, 0x00, 0x00,
  0x0F, 0xF8, 0x00, 0x00, 0x7F, 0x80, 0x00, 0x03, 0xFC, 0x00, 0x00, 0x3F,
  0xE0, 0x00, 0x01, 0xFE, 0x00, 0x00, 0x0F, 0xF0, 0x00, 0x00, 0xFF, 0x80,
  0x00, 0x07, 0xF8, 0x00, 0x00, 0x3F, 0xC0, 0x00, 0x03, 0xFE, 0x00, 0x00,
  0x1F, 0xE0, 0x00, 0x00, 0xFF, 0x00, 0x00, 0x0F, 0xF8, 0x00, 0x00, 0x7F,
  0x80, 0x00, 0x03, 0xFC, 0x00, 0x00, 0x3F, 0xE0, 0x00, 0x01, 0xFE, 0x00,
  0x00, 0x0F, 0xF0, 0x00, 0x00, 0xFF, 0x80, 0x00, 0x07, 0xF8, 0x00, 0x00,
  0x3F, 0xC0, 0x00, 0x03, 0xFE, 0x00, 0x00, 0x1F, 0xE0, 0x00, 0x00, 0xFF,
  0x00, 0x00, 0x0F, 0xF8, 0x00, 0x00, 0x7F, 0x80, 0x00, 0x03, 0xFC, 0x00,
  0x00, 0x3F, 0xE0, 0x00, 0x01, 0xFE, 0x00, 0x00, 0x0F, 0xF0, 0x00, 0x00,
  0xFF, 0x80, 0x00, 0x07, 0xF8, 0x00, 0x00, 0x3F, 0xC0, 0x00, 0x03, 0xFC,
  0x00, 0x00, 0x1F, 0xE0, 0x00, 0x00, 0xFF, 0x00, 0x00, 0x00, 0x00, 0x03,
  0xFE, 0x00, 0x00, 0x01, 0xFF, 0xFE, 0x00, 0x00, 0x3F, 0xFF, 0xFC, 0x00,
  0x03, 0xFF, 0xFF, 0xF8, 0x00, 0x3F, 0xFF, 0xFF, 0xE0, 0x03, 0xFF, 0xFF,
  0xFF, 0x80, 0x3F, 0xFF, 0xFF, 0xFE, 0x03, 0xFF, 0xFF, 0xFF, 0xF0, 0x1F,
  0xFF, 0xFF, 0xFF, 0xC1, 0xFF, 0xF0, 0x1F, 0xFE, 0x0F, 0xFE, 0x00, 0x7F,
  0xF8, 0xFF, 0xF0, 0x01, 0xFF, 0xC7, 0xFF, 0x00, 0x07, 0xFF, 0x3F, 0xF8,
  0x00, 0x3F, 0xF9, 0xFF, 0x80, 0x01, 0xFF, 0xDF, 0xFC, 0x00, 0x07, 0xFE,
  0xFF, 0xE0, 0x00, 0x3F, 0xFF, 0xFF, 0x00, 0x01, 0xFF, 0xFF, 0xF8, 0x00,
  0x0F, 0xFF, 0xFF, 0xC0, 0x00, 0x7F, 0xFF, 0xFE, 0x00, 0x03, 0xFF, 0xFF,
  0xF0, 0x00, 0x1F, 0xFF, 0xFF, 0x80, 0x00, 0xFF, 0xFF, 0xFC, 0x00, 0x07,
  0xFF, 0xFF, 0xE0, 0x00, 0x3F, 0xFF, 0xFF, 0x00, 0x01, 0xFF, 0xFF, 0xF8,
  0x00, 0x0F, 0xFF, 0xFF, 0xC0, 0x00, 0x7F, 0xFF, 0xFE, 0x00, 0x03, 0xFF,
  0xFF, 0xF0, 0x00, 0x1F, 0xFF, 0xFF, 0x80, 0x00, 0xFF, 0xFF, 0xFC, 0x00,
  0x07, 0xFF, 0xFF, 0xE0, 0x00, 0x3F, 0xFF, 0xFF, 0x00, 0x01, 0xFF, 0xFF,
  0xF8, 0x00, 0x0F, 0xFF, 0xFF, 0xC0, 0x00, 0x7F, 0xFF, 0xFE, 0x00, 0x03,
  0xFF, 0xFF, 0xF0, 0x00, 0x1F, 0xFF, 0xFF, 0x80, 0x00, 0xFF, 0xFF, 0xFC,
  0x00, 0x07, 0xFF, 0xFF, 0xE0, 0x00, 0x3F, 0xFF, 0xFF, 0x00, 0x01, 0xFF,
  0x9F, 0xF8, 0x00, 0x1F, 0xFC, 0xFF, 0xE0, 0x00, 0xFF, 0xE7, 0xFF, 0x00,
  0x07, 0xFF, 0x3F, 0xFC, 0x00, 0x7F, 0xF0, 0xFF, 0xF0, 0x07, 0xFF, 0x87,
  0xFF, 0xC0, 0x7F, 0xF8, 0x1F, 0xFF, 0xFF, 0xFF, 0xC0, 0xFF, 0xFF, 0xFF,
  0xFC, 0x03, 0xFF, 0xFF, 0xFF, 0xE0, 0x0F, 0xFF, 0xFF, 0xFE, 0x00, 0x3F,
  0xFF, 0xFF, 0xE0, 0x00, 0xFF, 0xFF, 0xFE, 0x00, 0x03, 0xFF, 0xFF, 0xC0,
  0x00, 0x07, 0xFF, 0xF8, 0x00, 0x00, 0x07, 0xFE, 0x00, 0x00, 0x00, 0x00,
  0x03, 0x80, 0x00, 0x0F, 0xC0, 0x00, 0x3F, 0xE0, 0x00, 0xFF, 0xF0, 0x01,
  0xFF, 0xF8, 0x07, 0xFF, 0xFC, 0x1F, 0xFF, 0xFE, 0x7F, 0xFF, 0xFF, 0xFF,
  0xFF, 0xFF, 0xFF, 0xFF, 0xFF, 0xFF, 0xFF, 0xFF, 0xFF, 0xFF, 0xFF, 0xFF,
  0xFF, 0xFF, 0xFF, 0xFE, 0x1F, 0xFF, 0xF8, 0x0F, 0xFF, 0xE0, 0x07, 0xFF,
  0x80, 0x03, 0xFF, 0x80, 0x01, 0xFF, 0xC0, 0x00, 0xFF, 0xE0, 0x00, 0x7F,
  0xF0, 0x00, 0x3F, 0xF8, 0x00, 0x1F, 0xFC, 0x00, 0x0F, 0xFE, 0x00, 0x07,
  0xFF, 0x00, 0x03, 0xFF, 0x80, 0x01, 0xFF, 0xC0, 0x00, 0xFF, 0xE0, 0x00,
  0x7F, 0xF0, 0x00, 0x3F, 0xF8, 0x00, 0x1F, 0xFC, 0x00, 0x0F, 0xFE, 0x00,
  0x07, 0xFF, 0x00, 0x03, 0xFF, 0x80, 0x01, 0xFF, 0xC0, 0x00, 0xFF, 0xE0,
  0x00, 0x7F, 0xF0, 0x00, 0x3F, 0xF8, 0x00, 0x1F, 0xFC, 0x00, 0x0F, 0xFE,
  0x00, 0x07, 0xFF, 0x00, 0x03, 0xFF, 0x80, 0x01, 0xFF, 0xC0, 0x00, 0xFF,
  0xE0, 0x00, 0x7F, 0xF0, 0x00, 0x3F, 0xF8, 0x00, 0x1F, 0xFC, 0x00, 0x0F,
  0xFE, 0x00, 0x07, 0xFF, 0x00, 0x03, 0xFF, 0x80, 0x01, 0xFF, 0xC0, 0x00,
  0xFF, 0xE0, 0x00, 0x7F, 0xF0, 0x00, 0x3F, 0xF8, 0x00, 0x1F, 0xFC, 0x00,
  0x0F, 0xFE, 0x00, 0x03, 0xFF, 0x00, 0x00, 0x00, 0x3F, 0xFF, 0xE0, 0x00,
  0x01, 0xFF, 0xFF, 0xF0, 0x00, 0x0F, 0xFF, 0xFF, 0xF8, 0x00, 0x3F, 0xFF,
  0xFF, 0xF8, 0x00, 0xFF, 0xFF, 0xFF, 0xF8, 0x03, 0xFF, 0xFF, 0xFF, 0xF0,
  0x0F, 0xFF, 0xFF, 0xFF, 0xF0, 0x3F, 0xFF, 0xFF, 0xFF, 0xF0, 0x7F, 0xFC,
  0x03, 0xFF, 0xE1, 0xFF, 0xE0, 0x03, 0xFF, 0xC3, 0xFF, 0xC0, 0x03, 0xFF,
  0xCF, 0xFF, 0x00, 0x07, 0xFF, 0x9F, 0xFC, 0x00, 0x07, 0xFF, 0x3F, 0xF8,
  0x00, 0x0F, 0xFE, 0x7F, 0xF0, 0x00, 0x1F, 0xFC, 0xFF, 0xE0, 0x00, 0x3F,
  0xF9, 0xFF, 0xC0, 0x00, 0x7F, 0xF0, 0x00, 0x00, 0x00, 0xFF, 0xE0, 0x00,
  0x00, 0x03, 0xFF, 0x80, 0x00, 0x00, 0x07, 0xFF, 0x00, 0x00, 0x00, 0x0F,
  0xFE, 0x00, 0x00, 0x00, 0x3F, 0xF8, 0x00, 0x00, 0x00, 0x7F, 0xF0, 0x00,
  0x00, 0x01, 0xFF, 0xE0, 0x00, 0x00, 0x07, 0xFF, 0x80, 0x00, 0x00, 0x1F,
  0xFE, 0x00, 0x00, 0x00, 0x3F, 0xFC, 0x00, 0x00, 0x00, 0xFF, 0xF0, 0x00,
  0x00, 0x03, 0xFF, 0xC0, 0x00, 0x00, 0x0F, 0xFF, 0x00, 0x00, 0x00, 0x3F,
  0xFC, 0x00, 0x00, 0x00, 0xFF, 0xF8, 0x00, 0x00, 0x03, 0xFF, 0xE0, 0x00,
  0x00, 0x0F, 0xFF, 0x80, 0x00, 0x00, 0x3F, 0xFE, 0x00, 0x00, 0x00, 0xFF,
  0xF8, 0x00, 0x00, 0x03, 0xFF, 0xE0, 0x00, 0x00, 0x0F, 0xFF, 0x80, 0x00,
  0x00, 0x3F, 0xFE, 0x00, 0x00, 0x00, 0xFF, 0xF8, 0x00, 0x00, 0x01, 0xFF,
  0xE0, 0x00, 0x00, 0x07, 0xFF, 0x80, 0x00, 0x00, 0x1F, 0xFF, 0x00, 0x00,
  0x00, 0x7F, 0xFC, 0x00, 0x00, 0x01, 0xFF, 0xF0, 0x00, 0x00, 0x07, 0xFF,
  0xC0, 0x00, 0x00, 0x1F, 0xFF, 0xFF, 0xFF, 0xFF, 0x7F, 0xFF, 0xFF, 0xFF,
  0xFE, 0xFF, 0xFF, 0xFF, 0xFF, 0xFD, 0xFF, 0xFF, 0xFF, 0xFF, 0xFB, 0xFF,
  0xFF, 0xFF, 0xFF, 0xF7, 0xFF, 0xFF, 0xFF, 0xFF, 0xEF, 0xFF, 0xFF, 0xFF,
  0xFF, 0xDF, 0xFF, 0xFF, 0xFF, 0xFF, 0xBF, 0xFF, 0xFF, 0xFF, 0xFF, 0x00,
  0x03, 0xFF, 0x80, 0x00, 0x00, 0x3F, 0xFF, 0xE0, 0x00, 0x01, 0xFF, 0xFF,
  0xF8, 0x00, 0x0F, 0xFF, 0xFF, 0xF8, 0x00, 0x3F, 0xFF, 0xFF, 0xFC, 0x00,
  0xFF, 0xFF, 0xFF, 0xFC, 0x03, 0xFF, 0xFF, 0xFF, 0xF8, 0x0F, 0xFF, 0xFF,
  0xFF, 0xF8, 0x1F, 0xFF, 0xFF, 0xFF, 0xF8, 0x7F, 0xFE, 0x01, 0xFF, 0xF0,
  0xFF, 0xF0, 0x01, 0xFF, 0xE1, 0xFF, 0xC0, 0x01, 0xFF, 0xE7, 0xFF, 0x80,
  0x01, 0xFF, 0xCF, 0xFE, 0x00, 0x03, 0xFF, 0x9F, 0xFC, 0x00, 0x07, 0xFF,
  0x00, 0x00, 0x00, 0x0F, 0xFE, 0x00, 0x00, 0x00, 0x1F, 0xFC, 0x00, 0x00,
  0x00, 0x3F, 0xF8, 0x00, 0x00, 0x00, 0x7F, 0xF0, 0x00, 0x00, 0x01, 0xFF,
  0xC0, 0x00, 0x00, 0x03, 0xFF, 0x80, 0x00, 0x00, 0x0F, 0xFF, 0x00, 0x00,
  0x00, 0x3F, 0xFC, 0x00, 0x00, 0x03, 0xFF, 0xF0, 0x00, 0x07, 0xFF, 0xFF,
  0xC0, 0x00, 0x0F, 0xFF, 0xFF, 0x00, 0x00, 0x1F, 0xFF, 0xFC, 0x00, 0x00,
  0x3F, 0xFF, 0xE0, 0x00, 0x00, 0x7F, 0xFF, 0xF0, 0x00, 0x00, 0xFF, 0xFF,
  0xF0, 0x00, 0x01, 0xFF, 0xFF, 0xF8, 0x00, 0x03, 0xFF, 0xFF, 0xF8, 0x00,
  0x00, 0x01, 0xFF, 0xF0, 0x00, 0x00, 0x00, 0xFF, 0xF0, 0x00, 0x00, 0x00,
  0xFF, 0xF0, 0x00, 0x00, 0x00, 0xFF, 0xE0, 0x00, 0x00, 0x01, 0xFF, 0xC0,
  0x00, 0x00, 0x01, 0xFF, 0xC0, 0x00, 0x00, 0x03, 0xFF, 0x80, 0x00, 0x00,
  0x07, 0xFF, 0x00, 0x00, 0x00, 0x0F, 0xFF, 0xFF, 0xC0, 0x00, 0x1F, 0xFF,
  0xFF, 0xC0, 0x00, 0x3F, 0xFB, 0xFF, 0x80, 0x00, 0x7F, 0xF7, 0xFF, 0x00,
  0x01, 0xFF, 0xEF, 0xFF, 0x00, 0x07, 0xFF, 0x9F, 0xFF, 0x00, 0x0F, 0xFF,
  0x1F, 0xFF, 0x80, 0x7F, 0xFE, 0x3F, 0xFF, 0xFF, 0xFF, 0xF8, 0x3F, 0xFF,
  0xFF, 0xFF, 0xE0, 0x3F, 0xFF, 0xFF, 0xFF, 0xC0, 0x7F, 0xFF, 0xFF, 0xFF,
  0x00, 0x3F, 0xFF, 0xFF, 0xFC, 0x00, 0x3F, 0xFF, 0xFF, 0xE0, 0x00, 0x1F,
  0xFF, 0xFF, 0x80, 0x00, 0x0F, 0xFF, 0xF8, 0x00, 0x00, 0x03, 0xFF, 0x80,
  0x00, 0x00, 0x00, 0x01, 0xFF, 0xC0, 0x00, 0x00, 0x01, 0xFF, 0xE0, 0x00,
  0x00, 0x00, 0xFF, 0xF0, 0x00, 0x00, 0x00, 0xFF, 0xF8, 0x00, 0x00, 0x00,
  0xFF, 0xFC, 0x00, 0x00, 0x00, 0x7F, 0xFE, 0x00, 0x00, 0x00, 0x7F, 0xFF,
  0x00, 0x00, 0x00, 0x3F, 0xFF, 0x80, 0x00, 0x00, 0x3F, 0xFF, 0xC0, 0x00,
  0x00, 0x3F, 0xFF, 0xE0, 0x00, 0x00, 0x1F, 0xFF, 0xF0, 0x00, 0x00, 0x1F,
  0xFF, 0xF8, 0x00, 0x00, 0x1F, 0xFF, 0xFC, 0x00, 0x00, 0x0F, 0xFF, 0xFE,
  0x00, 0x00, 0x0F, 0xFF, 0xFF, 0x00, 0x00, 0x0F, 0xFF, 0xFF, 0x80, 0x00,
  0x07, 0xFD, 0xFF, 0xC0, 0x00, 0x07, 0xFC, 0xFF, 0xE0, 0x00, 0x03, 0xFE,
  0x7F, 0xF0, 0x00, 0x03, 0xFE, 0x3F, 0xF8, 0x00, 0x03, 0xFF, 0x1F, 0xFC,
  0x00, 0x01, 0xFF, 0x0F, 0xFE, 0x00, 0x01, 0xFF, 0x07, 0xFF, 0x00, 0x01,
  0xFF, 0x83, 0xFF, 0x80, 0x00, 0xFF, 0x81, 0xFF, 0xC0, 0x00, 0xFF, 0xC0,
  0xFF, 0xE0, 0x00, 0xFF, 0xC0, 0x7F, 0xF0, 0x00, 0x7F, 0xC0, 0x3F, 0xF8,
  0x00, 0x7F, 0xE0, 0x1F, 0xFC, 0x00, 0x3F, 0xE0, 0x0F, 0xFE, 0x00, 0x3F,
  0xE0, 0x07, 0xFF, 0x00, 0x3F, 0xF0, 0x03, 0xFF, 0x80, 0x1F, 0xF0, 0x01,
  0xFF, 0xC0, 0x1F, 0xF8, 0x00, 0xFF, 0xE0, 0x1F, 0xFF, 0xFF, 0xFF, 0xFF,
  0xEF, 0xFF, 0xFF, 0xFF, 0xFF, 0xFF, 0xFF, 0xFF, 0xFF, 0xFF, 0xFF, 0xFF,
  0xFF, 0xFF, 0xFF, 0xFF, 0xFF, 0xFF, 0xFF, 0xFF, 0xFF, 0xFF, 0xFF, 0xFF,
  0xFF, 0xFF, 0xFF, 0xFF, 0xFF, 0xFF, 0xFF, 0xBF, 0xFF, 0xFF, 0xFF, 0xFF,
  0xDF, 0xFF, 0xFF, 0xFF, 0xFF, 0xE0, 0x00, 0x00, 0x3F, 0xF8, 0x00, 0x00,
  0x00, 0x1F, 0xFC, 0x00, 0x00, 0x00, 0x0F, 0xFE, 0x00, 0x00, 0x00, 0x07,
  0xFF, 0x00, 0x00, 0x00, 0x03, 0xFF, 0x80, 0x00, 0x00, 0x01, 0xFF, 0xC0,
  0x00, 0x00, 0x00, 0xFF, 0xE0, 0x00, 0x00, 0x00, 0x7F, 0xF0, 0x00, 0x00,
  0x00, 0x3F, 0xF8, 0x00, 0x00, 0x00, 0x1F, 0xFC, 0x00, 0x00, 0x00, 0x0F,
  0xFE, 0x00, 0x00, 0x00, 0x07, 0xFF, 0x00, 0x0F, 0xFF, 0xFF, 0xFF, 0xF0,
  0x3F, 0xFF, 0xFF, 0xFF, 0xC0, 0xFF, 0xFF, 0xFF, 0xFF, 0x03, 0xFF, 0xFF,
  0xFF, 0xFC, 0x0F, 0xFF, 0xFF, 0xFF, 0xF0, 0x3F, 0xFF, 0xFF, 0xFF, 0xC0,
  0xFF, 0xFF, 0xFF, 0xFF, 0x03, 0xFF, 0xFF, 0xFF, 0xFC, 0x0F, 0xFF, 0xFF,
  0xFF, 0xF0, 0x7F, 0xF0, 0x00, 0x00, 0x01, 0xFF, 0x80, 0x00, 0x00, 0x07,
  0xFE, 0x00, 0x00, 0x00, 0x1F, 0xF8, 0x00, 0x00, 0x00, 0x7F, 0xE0, 0x00,
  0x00, 0x01, 0xFF, 0x80, 0x00, 0x00, 0x07, 0xFE, 0x00, 0x00, 0x00, 0x1F,
  0xF8, 0x00, 0x00, 0x00, 0x7F, 0xE0, 0x00, 0x00, 0x03, 0xFF, 0x80, 0x00,
  0x00, 0x0F, 0xFC, 0x3F, 0xE0, 0x00, 0x3F, 0xF7, 0xFF, 0xF0, 0x00, 0xFF,
  0xFF, 0xFF, 0xF0, 0x03, 0xFF, 0xFF, 0xFF, 0xF0, 0x0F, 0xFF, 0xFF, 0xFF,
  0xE0, 0x3F, 0xFF, 0xFF, 0xFF, 0xC0, 0xFF, 0xFF, 0xFF, 0xFF, 0x03, 0xFF,
  0xFF, 0xFF, 0xFE, 0x1F, 0xFF, 0x01, 0xFF, 0xF8, 0x1F, 0xF0, 0x01, 0xFF,
  0xF0, 0x07, 0x80, 0x03, 0xFF, 0xC0, 0x00, 0x00, 0x07, 0xFF, 0x80, 0x00,
  0x00, 0x1F, 0xFE, 0x00, 0x00, 0x00, 0x3F, 0xF8, 0x00, 0x00, 0x00, 0xFF,
  0xE0, 0x00, 0x00, 0x03, 0xFF, 0x80, 0x00, 0x00, 0x0F, 0xFE, 0x00, 0x00,
  0x00, 0x3F, 0xF8, 0x00, 0x00, 0x00, 0xFF, 0xF0, 0x00, 0x00, 0x03, 0xFF,
  0x80, 0x00, 0x00, 0x0F, 0xFE, 0xFF, 0xE0, 0x00, 0x3F, 0xFB, 0xFF, 0x80,
  0x00, 0xFF, 0xEF, 0xFE, 0x00, 0x03, 0xFF, 0xBF, 0xFC, 0x00, 0x1F, 0xFE,
  0x7F, 0xF0, 0x00, 0x7F, 0xF1, 0xFF, 0xE0, 0x03, 0xFF, 0xC7, 0xFF, 0xE0,
  0x1F, 0xFF, 0x0F, 0xFF, 0xFF, 0xFF, 0xF8, 0x1F, 0xFF, 0xFF, 0xFF, 0xC0,
  0x7F, 0xFF, 0xFF, 0xFF, 0x00, 0xFF, 0xFF, 0xFF, 0xF8, 0x01, 0xFF, 0xFF,
  0xFF, 0xC0, 0x01, 0xFF, 0xFF, 0xFE, 0x00, 0x03, 0xFF, 0xFF, 0xE0, 0x00,
  0x01, 0xFF, 0xFE, 0x00, 0x00, 0x00, 0xFF, 0xC0, 0x00, 0x00, 0x00, 0x03,
  0xFC, 0x00, 0x00, 0x00, 0xFF, 0xF0, 0x00, 0x00, 0x0F, 0xFF, 0xC0, 0x00,
  0x00, 0xFF, 0xFF, 0x00, 0x00, 0x0F, 0xFF, 0xFC, 0x00, 0x00, 0x7F, 0xFF,
  0xF0, 0x00, 0x07, 0xFF, 0xFF, 0xC0, 0x00, 0x3F, 0xFF, 0xFF, 0x00, 0x01,
  0xFF, 0xFF, 0xFC, 0x00, 0x07, 0xFF, 0xF8, 0x00, 0x00, 0x3F, 0xFF, 0x00,
  0x00, 0x01, 0xFF, 0xF0, 0x00, 0x00, 0x0F, 0xFF, 0x80, 0x00, 0x00, 0x3F,
  0xFC, 0x00, 0x00, 0x01, 0xFF, 0xE0, 0x00, 0x00, 0x07, 0xFF, 0x00, 0x00,
  0x00, 0x3F, 0xF8, 0x00, 0x00, 0x00, 0xFF, 0xE0, 0x00, 0x00, 0x03, 0xFF,
  0x00, 0x00, 0x00, 0x1F, 0xFC, 0x0F, 0xF0, 0x00, 0x7F, 0xF1, 0xFF, 0xF8,
  0x01, 0xFF, 0x9F, 0xFF, 0xF8, 0x07, 0xFE, 0xFF, 0xFF, 0xF0, 0x3F, 0xFF,
  0xFF, 0xFF, 0xE0, 0xFF, 0xFF, 0xFF, 0xFF, 0xC3, 0xFF, 0xFF, 0xFF, 0xFF,
  0x8F, 0xFF, 0xFF, 0xFF, 0xFE, 0x3F, 0xFF, 0xFF, 0xFF, 0xFC, 0xFF, 0xFE,
  0x01, 0xFF, 0xF3, 0xFF, 0xE0, 0x03, 0xFF, 0xEF, 0xFF, 0x00, 0x07, 0xFF,
  0xBF, 0xF8, 0x00, 0x0F, 0xFE, 0xFF, 0xE0, 0x00, 0x3F, 0xFF, 0xFF, 0x80,
  0x00, 0x7F, 0xFF, 0xFE, 0x00, 0x01, 0xFF, 0xFF, 0xF8, 0x00, 0x07, 0xFF,
  0xFF, 0xE0, 0x00, 0x1F, 0xFF, 0xFF, 0x80, 0x00, 0x7F, 0xFF, 0xFE, 0x00,
  0x01, 0xFF, 0xFF, 0xF8, 0x00, 0x07, 0xFF, 0xFF, 0xE0, 0x00, 0x1F, 0xFD,
  0xFF, 0xC0, 0x00, 0xFF, 0xF7, 0xFF, 0x00, 0x03, 0xFF, 0x9F, 0xFC, 0x00,
  0x0F, 0xFE, 0x3F, 0xF8, 0x00, 0x7F, 0xF8, 0xFF, 0xF0, 0x03, 0xFF, 0xC1,
  0xFF, 0xE0, 0x1F, 0xFF, 0x07, 0xFF, 0xFF, 0xFF, 0xF8, 0x0F, 0xFF, 0xFF,
  0xFF, 0xE0, 0x1F, 0xFF, 0xFF, 0xFF, 0x00, 0x3F, 0xFF, 0xFF, 0xF8, 0x00,
  0x7F, 0xFF, 0xFF, 0xC0, 0x00, 0xFF, 0xFF, 0xFE, 0x00, 0x00, 0xFF, 0xFF,
  0xE0, 0x00, 0x00, 0xFF, 0xFE, 0x00, 0x00, 0x00, 0x7F, 0xC0, 0x00, 0xFF,
  0xFF, 0xFF, 0xFF, 0xFF, 0xFF, 0xFF, 0xFF, 0xFF, 0xFF, 0xFF, 0xFF, 0xFF,
  0xFF, 0xFF, 0xFF, 0xFF, 0xFF, 0xFF, 0xFF, 0xFF, 0xFF, 0xFF, 0xFF, 0xFF,
  0xFF, 0xFF, 0xFF, 0xFF, 0xFF, 0xFF, 0xFF, 0xFF, 0xFF, 0xFF, 0xFF, 0xFF,
  0xFF, 0xFF, 0xFF, 0xFF, 0xFF, 0xFF, 0xFC, 0x00, 0x00, 0x00, 0x3F, 0xF8,
  0x00, 0x00, 0x00, 0x7F, 0xE0, 0x00, 0x00, 0x00, 0xFF, 0xC0, 0x00, 0x00,
  0x03, 0xFF, 0x80, 0x00, 0x00, 0x07, 0xFE, 0x00, 0x00, 0x00, 0x1F, 0xFC,
  0x00, 0x00, 0x00, 0x3F, 0xF0, 0x00, 0x00, 0x00, 0xFF, 0xE0, 0x00, 0x00,
  0x01, 0xFF, 0x80, 0x00, 0x00, 0x07, 0xFF, 0x00, 0x00, 0x00, 0x0F, 0xFE,
  0x00, 0x00, 0x00, 0x3F, 0xF8, 0x00, 0x00, 0x00, 0x7F, 0xF0, 0x00, 0x00,
  0x01, 0xFF, 0xC0, 0x00, 0x00, 0x03, 0xFF, 0x80, 0x00, 0x00, 0x07, 0xFE,
  0x00, 0x00, 0x00, 0x1F, 0xFC, 0x00, 0x00, 0x00, 0x3F, 0xF0, 0x00, 0x00,
  0x00, 0xFF, 0xE0, 0x00, 0x00, 0x01, 0xFF, 0xC0, 0x00, 0x00, 0x07, 0xFF,
  0x00, 0x00, 0x00, 0x0F, 0xFE, 0x00, 0x00, 0x00, 0x3F, 0xF8, 0x00, 0x00,
  0x00, 0x7F, 0xF0, 0x00, 0x00, 0x01, 0xFF, 0xC0, 0x00, 0x00, 0x03, 0xFF,
  0x80, 0x00, 0x00, 0x0F, 0xFF, 0x00, 0x00, 0x00, 0x1F, 0xFC, 0x00, 0x00,
  0x00, 0x3F, 0xF8, 0x00, 0x00, 0x00, 0xFF, 0xE0, 0x00, 0x00, 0x01, 0xFF,
  0xC0, 0x00, 0x00, 0x07, 0xFF, 0x00, 0x00, 0x00, 0x0F, 0xFE, 0x00, 0x00,
  0x00, 0x3F, 0xF8, 0x00, 0x00, 0x00, 0x7F, 0xF0, 0x00, 0x00, 0x01, 0xFF,
  0xE0, 0x00, 0x00, 0x03, 0xFF, 0x80, 0x00, 0x00, 0x0F, 0xFF, 0x00, 0x00,
  0x00, 0x1F, 0xFC, 0x00, 0x00, 0x00, 0x7F, 0xF8, 0x00, 0x00, 0x00, 0xFF,
  0xE0, 0x00, 0x00, 0x01, 0xFF, 0xC0, 0x00, 0x00, 0x07, 0xFF, 0x80, 0x00,
  0x00, 0x0F, 0xFE, 0x00, 0x00, 0x00, 0x3F, 0xFC, 0x00, 0x00, 0x00, 0x7F,
  0xF0, 0x00, 0x00, 0x00, 0x00, 0x07, 0xFE, 0x00, 0x00, 0x01, 0xFF, 0xFF,
  0x00, 0x00, 0x3F, 0xFF, 0xFE, 0x00, 0x07, 0xFF, 0xFF, 0xF8, 0x00, 0x7F,
  0xFF, 0xFF, 0xF0, 0x07, 0xFF, 0xFF, 0xFF, 0xC0, 0x7F, 0xFF, 0xFF, 0xFE,
  0x03, 0xFF, 0xFF, 0xFF, 0xF8, 0x3F, 0xFF, 0xFF, 0xFF, 0xE1, 0xFF, 0xF0,
  0x1F, 0xFF, 0x1F, 0xFF, 0x00, 0x7F, 0xF8, 0xFF, 0xF0, 0x01, 0xFF, 0xE7,
  0xFF, 0x00, 0x0F, 0xFF, 0x3F, 0xF8, 0x00, 0x3F, 0xF9, 0xFF, 0xC0, 0x01,
  0xFF, 0xCF, 0xFE, 0x00, 0x0F, 0xFE, 0x7F, 0xF0, 0x00, 0x7F, 0xF3, 0xFF,
  0x80, 0x03, 0xFF, 0x9F, 0xFC, 0x00, 0x1F, 0xFC, 0xFF, 0xE0, 0x01, 0xFF,
  0xC3, 0xFF, 0x80, 0x0F, 0xFE, 0x1F, 0xFE, 0x00, 0xFF, 0xF0, 0x7F, 0xF8,
  0x0F, 0xFF, 0x03, 0xFF, 0xFF, 0xFF, 0xF0, 0x0F, 0xFF, 0xFF, 0xFF, 0x00,
  0x3F, 0xFF, 0xFF, 0xF0, 0x00, 0x7F, 0xFF, 0xFF, 0x00, 0x01, 0xFF, 0xFF,
  0xE0, 0x00, 0x1F, 0xFF, 0xFF, 0xC0, 0x03, 0xFF, 0xFF, 0xFF, 0x80, 0x3F,
  0xFF, 0xFF, 0xFE, 0x03, 0xFF, 0xFF, 0xFF, 0xF8, 0x3F, 0xFE, 0x07, 0xFF,
  0xC1, 0xFF, 0xE0, 0x0F, 0xFF, 0x1F, 0xFC, 0x00, 0x3F, 0xFC, 0xFF, 0xE0,
  0x00, 0xFF, 0xEF, 0xFE, 0x00, 0x07, 0xFF, 0xFF, 0xF0, 0x00, 0x1F, 0xFF,
  0xFF, 0x80, 0x00, 0xFF, 0xFF, 0xFC, 0x00, 0x07, 0xFF, 0xFF, 0xE0, 0x00,
  0x3F, 0xFF, 0xFF, 0x00, 0x01, 0xFF, 0xFF, 0xF8, 0x00, 0x0F, 0xFF, 0xFF,
  0xC0, 0x00, 0x7F, 0xFF, 0xFF, 0x00, 0x07, 0xFF, 0xFF, 0xF8, 0x00, 0x3F,
  0xFF, 0xFF, 0xE0, 0x03, 0xFF, 0xCF, 0xFF, 0x80, 0x7F, 0xFE, 0x7F, 0xFF,
  0xFF, 0xFF, 0xE1, 0xFF, 0xFF, 0xFF, 0xFF, 0x07, 0xFF, 0xFF, 0xFF, 0xF0,
  0x3F, 0xFF, 0xFF, 0xFF, 0x00, 0xFF, 0xFF, 0xFF, 0xF0, 0x01, 0xFF, 0xFF,
  0xFF, 0x00, 0x07, 0xFF, 0xFF, 0xF0, 0x00, 0x07, 0xFF, 0xFC, 0x00, 0x00,
  0x07, 0xFF, 0x00, 0x00, 0x00, 0x03, 0xFE, 0x00, 0x00, 0x00, 0x7F, 0xFF,
  0x00, 0x00, 0x07, 0xFF, 0xFF, 0x00, 0x00, 0x3F, 0xFF, 0xFF, 0x00, 0x01,
  0xFF, 0xFF, 0xFE, 0x00, 0x0F, 0xFF, 0xFF, 0xFC, 0x00, 0x7F, 0xFF, 0xFF,
  0xF8, 0x03, 0xFF, 0xFF, 0xFF, 0xF0, 0x1F, 0xFF, 0xFF, 0xFF, 0xC0, 0x7F,
  0xFC, 0x0F, 0xFF, 0x83, 0xFF, 0xC0, 0x0F, 0xFE, 0x0F, 0xFE, 0x00, 0x3F,
  0xFC, 0x7F, 0xF8, 0x00, 0x7F, 0xF1, 0xFF, 0xC0, 0x00, 0xFF, 0xC7, 0xFF,
  0x00, 0x03, 0xFF, 0x9F, 0xFC, 0x00, 0x0F, 0xFE, 0xFF, 0xF0, 0x00, 0x3F,
  0xFB, 0xFF, 0x80, 0x00, 0x7F, 0xEF, 0xFE, 0x00, 0x01, 0xFF, 0xFF, 0xF8,
  0x00, 0x07, 0xFF, 0xFF, 0xE0, 0x00, 0x1F, 0xFF, 0xFF, 0x80, 0x00, 0x7F,
  0xFF, 0xFF, 0x00, 0x01, 0xFF, 0xDF, 0xFC, 0x00, 0x07, 0xFF, 0x7F, 0xF0,
  0x00, 0x1F, 0xFD, 0xFF, 0xE0, 0x00, 0xFF, 0xF7, 0xFF, 0x80, 0x03, 0xFF,
  0xCF, 0xFF, 0x00, 0x1F, 0xFF, 0x3F, 0xFE, 0x00, 0xFF, 0xFC, 0xFF, 0xFE,
  0x0F, 0xFF, 0xF1, 0xFF, 0xFF, 0xFF, 0xFF, 0xC3, 0xFF, 0xFF, 0xFF, 0xFE,
  0x0F, 0xFF, 0xFF, 0xFF, 0xF8, 0x1F, 0xFF, 0xFF, 0xFF, 0xE0, 0x3F, 0xFF,
  0xFF, 0xFF, 0x80, 0x3F, 0xFF, 0xCF, 0xFE, 0x00, 0x7F, 0xFE, 0x3F, 0xF0,
  0x00, 0x3F, 0xC0, 0xFF, 0xC0, 0x00, 0x00, 0x07, 0xFF, 0x00, 0x00, 0x00,
  0x1F, 0xF8, 0x00, 0x00, 0x00, 0xFF, 0xE0, 0x00, 0x00, 0x03, 0xFF, 0x80,
  0x00, 0x00, 0x1F, 0xFC, 0x00, 0x00, 0x00, 0xFF, 0xF0, 0x00, 0x00, 0x0F,
  0xFF, 0x80, 0x00, 0x00, 0x7F, 0xFC, 0x00, 0x00, 0x1F, 0xFF, 0xF0, 0x00,
  0x1F, 0xFF, 0xFF, 0x80, 0x00, 0x7F, 0xFF, 0xFC, 0x00, 0x01, 0xFF, 0xFF,
  0xE0, 0x00, 0x07, 0xFF, 0xFF, 0x00, 0x00, 0x1F, 0xFF, 0xF0, 0x00, 0x00,
  0x7F, 0xFF, 0x00, 0x00, 0x01, 0xFF, 0xF0, 0x00, 0x00, 0x07, 0xFF, 0x00,
  0x00, 0x00, 0x1F, 0xC0, 0x00, 0x00, 0x3F, 0xC7, 0xFE, 0xFF, 0xEF, 0xFF,
  0xFF, 0xFF, 0xFF, 0xFF, 0xFF, 0xFF, 0x7F, 0xE3, 0xFC, 0x1F, 0x80, 0x00,
  0x00, 0x00, 0x00, 0x00, 0x00, 0x00, 0x00, 0x00, 0x00, 0x00, 0x00, 0x00,
  0x00, 0x00, 0x00, 0x00, 0x00, 0x00, 0x00, 0x00, 0x00, 0x00, 0x00, 0x00,
  0x00, 0x00, 0x00, 0x00, 0x03, 0xFC, 0x7F, 0xEF, 0xFE, 0xFF, 0xFF, 0xFF,
  0xFF, 0xFF, 0xFF, 0xFF, 0xF7, 0xFE, 0x3F, 0xC1, 0xF8, 0x07, 0xF0, 0x1F,
  0xF0, 0x7F, 0xF1, 0xFF, 0xE3, 0xFF, 0xC7, 0xFF, 0xCF, 0xFF, 0x0F, 0xFE,
  0x1F, 0xFC, 0x1F, 0xF0, 0x1F, 0x80, 0x00, 0x00, 0x00, 0x00, 0x00, 0x00,
  0x00, 0x00, 0x00, 0x00, 0x00, 0x00, 0x00, 0x00, 0x00, 0x00, 0x00, 0x00,
  0x00, 0x00, 0x00, 0x00, 0x00, 0x00, 0x00, 0x00, 0x00, 0x00, 0x00, 0x00,
  0x00, 0x00, 0x00, 0x00, 0x00, 0x00, 0x00, 0x00, 0x00, 0x0F, 0xF8, 0x1F,
  0xF0, 0x3F, 0xE0, 0x7F, 0xC0, 0xFF, 0x81, 0xFF, 0x03, 0xFE, 0x07, 0xFC,
  0x0F, 0xF8, 0x1F, 0xF0, 0x3F, 0xE0, 0x7F, 0xC0, 0xFF, 0x83, 0xFE, 0x07,
  0xFC, 0x0F, 0xF8, 0x3F, 0xE0, 0x7F, 0x81, 0xFF, 0x03, 0xFC, 0x07, 0xF0,
  0x03, 0xE0, 0x01, 0x80, 0x00, 0x00, 0x00, 0x00, 0x00, 0x80, 0x00, 0x00,
  0x03, 0xC0, 0x00, 0x00, 0x07, 0xE0, 0x00, 0x00, 0x0F, 0xF0, 0x00, 0x00,
  0x3F, 0xF8, 0x00, 0x00, 0x7F, 0xFC, 0x00, 0x00, 0xFF, 0xFE, 0x00, 0x03,
  0xFF, 0xFF, 0x00, 0x07, 0xFF, 0xFF, 0x80, 0x0F, 0xFF, 0xFF, 0xC0, 0x3F,
  0xFF, 0xFF, 0xE0, 0x7F, 0xFF, 0xFF, 0x80, 0xFF, 0xFF, 0xFE, 0x01, 0xFF,
  0xFF, 0xFC, 0x03, 0xFF, 0xFF, 0xF0, 0x01, 0xFF, 0xFF, 0xC0, 0x00, 0xFF,
  0xFF, 0x80, 0x00, 0x7F, 0xFE, 0x00, 0x00, 0x3F, 0xF8, 0x00, 0x00, 0x1F,
  0xFF, 0x80, 0x00, 0x0F, 0xFF, 0xF0, 0x00, 0x07, 0xFF, 0xFF, 0x00, 0x03,
  0xFF, 0xFF, 0xF0, 0x00, 0xFF, 0xFF, 0xFF, 0x00, 0x0F, 0xFF, 0xFF, 0xE0,
  0x01, 0xFF, 0xFF, 0xFE, 0x00, 0x3F, 0xFF, 0xFF, 0xE0, 0x03, 0xFF, 0xFF,
  0xF0, 0x00, 0x7F, 0xFF, 0xF8, 0x00, 0x0F, 0xFF, 0xFC, 0x00, 0x00, 0xFF,
  0xFE, 0x00, 0x00, 0x1F, 0xFF, 0x00, 0x00, 0x03, 0xFF, 0x80, 0x00, 0x00,
  0x3F, 0xC0, 0x00, 0x00, 0x07, 0xE0, 0x00, 0x00, 0x00, 0xF0, 0x00, 0x00,
  0x00, 0x08, 0xFF, 0xFF, 0xFF, 0xFF, 0xFF, 0xFF, 0xFF, 0xFF, 0xFF, 0xFF,
  0xFF, 0xFF, 0xFF, 0xFF, 0xFF, 0xFF, 0xFF, 0xFF, 0xFF, 0xFF, 0xFF, 0xFF,
  0xFF, 0xFF, 0xFF, 0xFF, 0xFF, 0xFF, 0xFF, 0xFF, 0xFF, 0xFF, 0xFF, 0xFF,
  0xFF, 0xFF, 0xFF, 0xFF, 0xC0, 0x00, 0x00, 0x00, 0x00, 0x00, 0x00, 0x00,
  0x00, 0x00, 0x00, 0x00, 0x00, 0x00, 0x00, 0x00, 0x00, 0x00, 0x00, 0x00,
  0x00, 0x00, 0x00, 0x00, 0x00, 0x00, 0x00, 0x00, 0x00, 0x00, 0x00, 0x00,
  0x00, 0x00, 0x3F, 0xFF, 0xFF, 0xFF, 0xFF, 0xFF, 0xFF, 0xFF, 0xFF, 0xFF,
  0xFF, 0xFF, 0xFF, 0xFF, 0xFF, 0xFF, 0xFF, 0xFF, 0xFF, 0xFF, 0xFF, 0xFF,
  0xFF, 0xFF, 0xFF, 0xFF, 0xFF, 0xFF, 0xFF, 0xFF, 0xFF, 0xFF, 0xFF, 0xFF,
  0xFF, 0xFF, 0xFF, 0xFF, 0xF0, 0x80, 0x00, 0x00, 0x00, 0x70, 0x00, 0x00,
  0x00, 0x3E, 0x00, 0x00, 0x00, 0x1F, 0xE0, 0x00, 0x00, 0x0F, 0xFC, 0x00,
  0x00, 0x07, 0xFF, 0x80, 0x00, 0x03, 0xFF, 0xF8, 0x00, 0x01, 0xFF, 0xFF,
  0x00, 0x00, 0xFF, 0xFF, 0xE0, 0x00, 0x7F, 0xFF, 0xFE, 0x00, 0x3F, 0xFF,
  0xFF, 0xC0, 0x03, 0xFF, 0xFF, 0xFC, 0x00, 0x7F, 0xFF, 0xFF, 0x80, 0x07,
  0xFF, 0xFF, 0xF0, 0x00, 0x7F, 0xFF, 0xFE, 0x00, 0x07, 0xFF, 0xFF, 0x00,
  0x00, 0xFF, 0xFF, 0x80, 0x00, 0x0F, 0xFF, 0xC0, 0x00, 0x00, 0xFF, 0xE0,
  0x00, 0x03, 0xFF, 0xF0, 0x00, 0x0F, 0xFF, 0xF8, 0x00, 0x3F, 0xFF, 0xFC,
  0x00, 0x7F, 0xFF, 0xFE, 0x01, 0xFF, 0xFF, 0xFC, 0x07, 0xFF, 0xFF, 0xF8,
  0x0F, 0xFF, 0xFF, 0xF0, 0x3F, 0xFF, 0xFF, 0xC0, 0x1F, 0xFF, 0xFF, 0x80,
  0x0F, 0xFF, 0xFF, 0x00, 0x07, 0xFF, 0xFC, 0x00, 0x03, 0xFF, 0xF8, 0x00,
  0x01, 0xFF, 0xE0, 0x00, 0x00, 0xFF, 0xC0, 0x00, 0x00, 0x7F, 0x80, 0x00,
  0x00, 0x3E, 0x00, 0x00, 0x00, 0x1C, 0x00, 0x00, 0x00, 0x08, 0x00, 0x00,
  0x00, 0x00, 0x00, 0x0F, 0xFC, 0x00, 0x00, 0x1F, 0xFF, 0xF0, 0x00, 0x1F,
  0xFF, 0xFF, 0x00, 0x1F, 0xFF, 0xFF, 0xE0, 0x0F, 0xFF, 0xFF, 0xFC, 0x07,
  0xFF, 0xFF, 0xFF, 0x83, 0xFF, 0xFF, 0xFF, 0xF0, 0xFF, 0xFF, 0xFF, 0xFC,
  0x7F, 0xFF, 0xFF, 0xFF, 0x9F, 0xFF, 0x03, 0xFF, 0xEF, 0xFF, 0x00, 0x3F,
  0xFB, 0xFF, 0xC0, 0x0F, 0xFF, 0xFF, 0xE0, 0x01, 0xFF, 0xFF, 0xF8, 0x00,
  0x7F, 0xFF, 0xFE, 0x00, 0x1F, 0xFC, 0x00, 0x00, 0x07, 0xFF, 0x00, 0x00,
  0x01, 0xFF, 0xC0, 0x00, 0x00, 0x7F, 0xF0, 0x00, 0x00, 0x3F, 0xFC, 0x00,
  0x00, 0x0F, 0xFE, 0x00, 0x00, 0x07, 0xFF, 0x80, 0x00, 0x01, 0xFF, 0xE0,
  0x00, 0x00, 0xFF, 0xF0, 0x00, 0x00, 0x7F, 0xF8, 0x00, 0x00, 0x3F, 0xFE,
  0x00, 0x00, 0x1F, 0xFF, 0x00, 0x00, 0x0F, 0xFF, 0x80, 0x00, 0x07, 0xFF,
  0xC0, 0x00, 0x03, 0xFF, 0xE0, 0x00, 0x01, 0xFF, 0xF0, 0x00, 0x00, 0x7F,
  0xF8, 0x00, 0x00, 0x1F, 0xFC, 0x00, 0x00, 0x0F, 0xFE, 0x00, 0x00, 0x03,
  0xFF, 0x00, 0x00, 0x00, 0xFF, 0xC0, 0x00, 0x00, 0x3F, 0xF0, 0x00, 0x00,
  0x1F, 0xF8, 0x00, 0x00, 0x07, 0xFE, 0x00, 0x00, 0x01, 0xFF, 0x80, 0x00,
  0x00, 0x7F, 0xE0, 0x00, 0x00, 0x00, 0x00, 0x00, 0x00, 0x00, 0x00, 0x00,
  0x00, 0x00, 0x00, 0x00, 0x00, 0x00, 0x00, 0x00, 0x00, 0x00, 0x00, 0x00,
  0x00, 0x00, 0x00, 0x00, 0x00, 0x00, 0x00, 0x7F, 0x00, 0x00, 0x00, 0x3F,
  0xE0, 0x00, 0x00, 0x1F, 0xFC, 0x00, 0x00, 0x0F, 0xFF, 0x00, 0x00, 0x03,
  0xFF, 0xC0, 0x00, 0x00, 0xFF, 0xF0, 0x00, 0x00, 0x3F, 0xFC, 0x00, 0x00,
  0x0F, 0xFF, 0x00, 0x00, 0x01, 0xFF, 0xC0, 0x00, 0x00, 0x3F, 0xE0, 0x00,
  0x00, 0x03, 0xE0, 0x00, 0x00, 0x00, 0x00, 0x00, 0x0F, 0xFF, 0x00, 0x00,
  0x00, 0x00, 0x00, 0x00, 0xFF, 0xFF, 0xF0, 0x00, 0x00, 0x00, 0x00, 0x07,
  0xFF, 0xFF, 0xFE, 0x00, 0x00, 0x00, 0x00, 0x1F, 0xFF, 0xFF, 0xFF, 0x80,
  0x00, 0x00, 0x00, 0x7F, 0xFF, 0xFF, 0xFF, 0xE0, 0x00, 0x00, 0x01, 0xFF,
  0xFF, 0xFF, 0xFF, 0xF0, 0x00, 0x00, 0x03, 0xFF, 0xF8, 0x01, 0xFF, 0xFC,
  0x00, 0x00, 0x07, 0xFF, 0x80, 0x00, 0x1F, 0xFE, 0x00, 0x00, 0x0F, 0xFE,
  0x00, 0x00, 0x07, 0xFF, 0x00, 0x00, 0x1F, 0xF8, 0x00, 0x00, 0x01, 0xFF,
  0x80, 0x00, 0x3F, 0xE0, 0x00, 0x00, 0x00, 0x7F, 0x80, 0x00, 0x7F, 0xC0,
  0x00, 0x00, 0x00, 0x3F, 0xC0, 0x00, 0xFF, 0x80, 0x00, 0x00, 0x00, 0x1F,
  0xE0, 0x01, 0xFF, 0x00, 0x00, 0x00, 0x00, 0x0F, 0xE0, 0x01, 0xFE, 0x00,
  0x00, 0x00, 0x00, 0x0F, 0xF0, 0x03, 0xFC, 0x00, 0x00, 0x00, 0x00, 0x07,
  0xF0, 0x07, 0xFC, 0x00, 0x01, 0xFE, 0x00, 0x03, 0xF8, 0x07, 0xF8, 0x00,
  0x0F, 0xFF, 0xC0, 0x03, 0xF8, 0x0F, 0xF0, 0x00, 0x3F, 0xFF, 0xF0, 0x01,
  0xFC, 0x0F, 0xF0, 0x00, 0x7F, 0xFF, 0xF8, 0x01, 0xFC, 0x1F, 0xE0, 0x00,
  0xFF, 0xFF, 0xFC, 0x01, 0xFC, 0x1F, 0xE0, 0x01, 0xFF, 0xFF, 0xFC, 0x00,
  0xFC, 0x1F, 0xC0, 0x03, 0xFF, 0xFF, 0xFC, 0x00, 0xFE, 0x3F, 0xC0, 0x03,
  0xFE, 0x03, 0xFC, 0x00, 0xFE, 0x3F, 0xC0, 0x07, 0xFC, 0x03, 0xFC, 0x00,
  0xFE, 0x3F, 0x80, 0x0F, 0xF8, 0x03, 0xFC, 0x00, 0xFE, 0x7F, 0x80, 0x0F,
  0xF0, 0x03, 0xFC, 0x00, 0x7E, 0x7F, 0x80, 0x1F, 0xF0, 0x03, 0xFC, 0x00,
  0x7E, 0x7F, 0x80, 0x1F, 0xE0, 0x03, 0xFC, 0x00, 0x7F, 0x7F, 0x00, 0x1F,
  0xE0, 0x03, 0xF8, 0x00, 0x7F, 0x7F, 0x00, 0x3F, 0xE0, 0x03, 0xF8, 0x00,
  0x7F, 0x7F, 0x00, 0x3F, 0xC0, 0x03, 0xF8, 0x00, 0x7F, 0xFF, 0x00, 0x3F,
  0xC0, 0x03, 0xF8, 0x00, 0x7F, 0xFF, 0x00, 0x7F, 0xC0, 0x07, 0xF8, 0x00,
  0x7F, 0xFF, 0x00, 0x7F, 0xC0, 0x07, 0xF8, 0x00, 0x7F, 0xFF, 0x00, 0x7F,
  0x80, 0x07, 0xF8, 0x00, 0x7E, 0xFF, 0x00, 0x7F, 0x80, 0x07, 0xF8, 0x00,
  0x7E, 0xFF, 0x00, 0x7F, 0x80, 0x07, 0xF8, 0x00, 0xFE, 0xFF, 0x00, 0x7F,
  0x80, 0x07, 0xF8, 0x00, 0xFE, 0xFF, 0x00, 0x7F, 0x80, 0x07, 0xF8, 0x00,
  0xFE, 0xFF, 0x00, 0x7F, 0x80, 0x07, 0xF0, 0x00, 0xFE, 0xFF, 0x00, 0x7F,
  0x80, 0x07, 0xF0, 0x00, 0xFC, 0xFF, 0x00, 0x7F, 0x80, 0x0F, 0xF0, 0x01,
  0xFC, 0xFF, 0x00, 0x7F, 0x80, 0x0F, 0xF0, 0x01, 0xFC, 0xFF, 0x00, 0x7F,
  0xC0, 0x1F, 0xF0, 0x03, 0xF8, 0x7F, 0x00, 0x7F, 0xC0, 0x1F, 0xF0, 0x03,
  0xF8, 0x7F, 0x00, 0x7F, 0xE0, 0x3F, 0xF8, 0x07, 0xF8, 0x7F, 0x00, 0x3F,
  0xF0, 0x7F, 0xF8, 0x0F, 0xF0, 0x7F, 0x80, 0x3F, 0xFF, 0xFF, 0xFC, 0x1F,
  0xE0, 0x7F, 0x80, 0x1F, 0xFF, 0xFF, 0xFF, 0xFF, 0xE0, 0x3F, 0x80, 0x1F,
  0xFF, 0xFB, 0xFF, 0xFF, 0xC0, 0x3F, 0xC0, 0x0F, 0xFF, 0xF1, 0xFF, 0xFF,
  0x80, 0x3F, 0xC0, 0x07, 0xFF, 0xE0, 0xFF, 0xFF, 0x00, 0x1F, 0xE0, 0x03,
  0xFF, 0xC0, 0x7F, 0xFC, 0x00, 0x1F, 0xE0, 0x00, 0xFE, 0x00, 0x1F, 0xE0,
  0x00, 0x1F, 0xF0, 0x00, 0x00, 0x00, 0x00, 0x00, 0x00, 0x0F, 0xF8, 0x00,
  0x00, 0x00, 0x00, 0x00, 0x00, 0x0F, 0xF8, 0x00, 0x00, 0x00, 0x00, 0x00,
  0x00, 0x07, 0xFC, 0x00, 0x00, 0x00, 0x00, 0x00, 0x00, 0x03, 0xFE, 0x00,
  0x00, 0x00, 0x00, 0x00, 0x00, 0x03, 0xFF, 0x80, 0x00, 0x00, 0x00, 0x00,
  0x00, 0x01, 0xFF, 0xC0, 0x00, 0x00, 0x00, 0x00, 0x00, 0x00, 0xFF, 0xF0,
  0x00, 0x00, 0x30, 0x00, 0x00, 0x00, 0x7F, 0xFE, 0x00, 0x01, 0xF0, 0x00,
  0x00, 0x00, 0x3F, 0xFF, 0xFC, 0xFF, 0xF0, 0x00, 0x00, 0x00, 0x0F, 0xFF,
  0xFF, 0xFF, 0xF8, 0x00, 0x00, 0x00, 0x07, 0xFF, 0xFF, 0xFF, 0xF8, 0x00,
  0x00, 0x00, 0x01, 0xFF, 0xFF, 0xFF, 0xF8, 0x00, 0x00, 0x00, 0x00, 0x7F,
  0xFF, 0xFF, 0xF0, 0x00, 0x00, 0x00, 0x00, 0x0F, 0xFF, 0xFF, 0x80, 0x00,
  0x00, 0x00, 0x00, 0x00, 0xFF, 0xF8, 0x00, 0x00, 0x00, 0x00, 0x00, 0x07,
  0xFF, 0x00, 0x00, 0x00, 0x00, 0x00, 0xFF, 0xF0, 0x00, 0x00, 0x00, 0x00,
  0x0F, 0xFF, 0x00, 0x00, 0x00, 0x00, 0x00, 0xFF, 0xF8, 0x00, 0x00, 0x00,
  0x00, 0x1F, 0xFF, 0x80, 0x00, 0x00, 0x00, 0x01, 0xFF, 0xFC, 0x00, 0x00,
  0x00, 0x00, 0x3F, 0xFF, 0xC0, 0x00, 0x00, 0x00, 0x03, 0xFF, 0xFC, 0x00,
  0x00, 0x00, 0x00, 0x3F, 0xFF, 0xE0, 0x00, 0x00, 0x00, 0x07, 0xFF, 0xFE,
  0x00, 0x00, 0x00, 0x00, 0x7F, 0xFF, 0xE0, 0x00, 0x00, 0x00, 0x07, 0xFF,
  0xFF, 0x00, 0x00, 0x00, 0x00, 0xFF, 0xFF, 0xF0, 0x00, 0x00, 0x00, 0x0F,
  0xFF, 0xFF, 0x80, 0x00, 0x00, 0x01, 0xFF, 0xDF, 0xF8, 0x00, 0x00, 0x00,
  0x1F, 0xF9, 0xFF, 0x80, 0x00, 0x00, 0x01, 0xFF, 0x9F, 0xFC, 0x00, 0x00,
  0x00, 0x3F, 0xF8, 0xFF, 0xC0, 0x00, 0x00, 0x03, 0xFF, 0x0F, 0xFC, 0x00,
  0x00, 0x00, 0x3F, 0xF0, 0xFF, 0xE0, 0x00, 0x00, 0x07, 0xFF, 0x07, 0xFE,
  0x00, 0x00, 0x00, 0x7F, 0xE0, 0x7F, 0xF0, 0x00, 0x00, 0x0F, 0xFE, 0x07,
  0xFF, 0x00, 0x00, 0x00, 0xFF, 0xE0, 0x3F, 0xF0, 0x00, 0x00, 0x0F, 0xFE,
  0x03, 0xFF, 0x80, 0x00, 0x01, 0xFF, 0xC0, 0x3F, 0xF8, 0x00, 0x00, 0x1F,
  0xFC, 0x01, 0xFF, 0x80, 0x00, 0x01, 0xFF, 0xC0, 0x1F, 0xFC, 0x00, 0x00,
  0x3F, 0xF8, 0x01, 0xFF, 0xC0, 0x00, 0x03, 0xFF, 0x80, 0x0F, 0xFE, 0x00,
  0x00, 0x7F, 0xF8, 0x00, 0xFF, 0xE0, 0x00, 0x07, 0xFF, 0x00, 0x0F, 0xFE,
  0x00, 0x00, 0x7F, 0xF0, 0x00, 0x7F, 0xF0, 0x00, 0x0F, 0xFF, 0x00, 0x07,
  0xFF, 0x00, 0x00, 0xFF, 0xFF, 0xFF, 0xFF, 0xF8, 0x00, 0x0F, 0xFF, 0xFF,
  0xFF, 0xFF, 0x80, 0x01, 0xFF, 0xFF, 0xFF, 0xFF, 0xF8, 0x00, 0x1F, 0xFF,
  0xFF, 0xFF, 0xFF, 0xC0, 0x03, 0xFF, 0xFF, 0xFF, 0xFF, 0xFC, 0x00, 0x3F,
  0xFF, 0xFF, 0xFF, 0xFF, 0xC0, 0x03, 0xFF, 0xFF, 0xFF, 0xFF, 0xFE, 0x00,
  0x7F, 0xFF, 0xFF, 0xFF, 0xFF, 0xE0, 0x07, 0xFF, 0xFF, 0xFF, 0xFF, 0xFF,
  0x00, 0x7F, 0xF0, 0x00, 0x00, 0xFF, 0xF0, 0x0F, 0xFF, 0x00, 0x00, 0x07,
  0xFF, 0x00, 0xFF, 0xF0, 0x00, 0x00, 0x7F, 0xF8, 0x1F, 0xFE, 0x00, 0x00,
  0x07, 0xFF, 0x81, 0xFF, 0xE0, 0x00, 0x00, 0x3F, 0xF8, 0x1F, 0xFE, 0x00,
  0x00, 0x03, 0xFF, 0xC3, 0xFF, 0xC0, 0x00, 0x00, 0x3F, 0xFC, 0x3F, 0xFC,
  0x00, 0x00, 0x01, 0xFF, 0xE3, 0xFF, 0xC0, 0x00, 0x00, 0x1F, 0xFE, 0x7F,
  0xF8, 0x00, 0x00, 0x01, 0xFF, 0xE7, 0xFF, 0x80, 0x00, 0x00, 0x0F, 0xFF,
  0xFF, 0xF8, 0x00, 0x00, 0x00, 0xFF, 0xF0, 0xFF, 0xFF, 0xFF, 0xC0, 0x00,
  0x7F, 0xFF, 0xFF, 0xFE, 0x00, 0x3F, 0xFF, 0xFF, 0xFF, 0xC0, 0x1F, 0xFF,
  0xFF, 0xFF, 0xF8, 0x0F, 0xFF, 0xFF, 0xFF, 0xFF, 0x07, 0xFF, 0xFF, 0xFF,
  0xFF, 0xC3, 0xFF, 0xFF, 0xFF, 0xFF, 0xE1, 0xFF, 0xFF, 0xFF, 0xFF, 0xF8,
  0xFF, 0xFF, 0xFF, 0xFF, 0xFE, 0x7F, 0xF0, 0x00, 0x7F, 0xFF, 0x3F, 0xF8,
  0x00, 0x0F, 0xFF, 0x9F, 0xFC, 0x00, 0x03, 0xFF, 0xEF, 0xFE, 0x00, 0x00,
  0xFF, 0xF7, 0xFF, 0x00, 0x00, 0x7F, 0xFB, 0xFF, 0x80, 0x00, 0x3F, 0xFD,
  0xFF, 0xC0, 0x00, 0x1F, 0xFE, 0xFF, 0xE0, 0x00, 0x0F, 0xFF, 0x7F, 0xF0,
  0x00, 0x07, 0xFF, 0xBF, 0xF8, 0x00, 0x03, 0xFF, 0xDF, 0xFC, 0x00, 0x01,
  0xFF, 0xCF, 0xFE, 0x00, 0x01, 0xFF, 0xE7, 0xFF, 0x00, 0x01, 0xFF, 0xE3,
  0xFF, 0x80, 0x03, 0xFF, 0xF1, 0xFF, 0xFF, 0xFF, 0xFF, 0xF0, 0xFF, 0xFF,
  0xFF, 0xFF, 0xF0, 0x7F, 0xFF, 0xFF, 0xFF, 0xE0, 0x3F, 0xFF, 0xFF, 0xFF,
  0xE0, 0x1F, 0xFF, 0xFF, 0xFF, 0xF8, 0x0F, 0xFF, 0xFF, 0xFF, 0xFF, 0x07,
  0xFF, 0xFF, 0xFF, 0xFF, 0xC3, 0xFF, 0xFF, 0xFF, 0xFF, 0xF1, 0xFF, 0xC0,
  0x00, 0xFF, 0xFC, 0xFF, 0xE0, 0x00, 0x1F, 0xFF, 0x7F, 0xF0, 0x00, 0x07,
  0xFF, 0xBF, 0xF8, 0x00, 0x01, 0xFF, 0xDF, 0xFC, 0x00, 0x00, 0xFF, 0xFF,
  0xFE, 0x00, 0x00, 0x3F, 0xFF, 0xFF, 0x00, 0x00, 0x1F, 0xFF, 0xFF, 0x80,
  0x00, 0x0F, 0xFF, 0xFF, 0xC0, 0x00, 0x07, 0xFF, 0xFF, 0xE0, 0x00, 0x03,
  0xFF, 0xFF, 0xF0, 0x00, 0x03, 0xFF, 0xFF, 0xF8, 0x00, 0x01, 0xFF, 0xFF,
  0xFC, 0x00, 0x01, 0xFF, 0xFF, 0xFE, 0x00, 0x01, 0xFF, 0xF7, 0xFF, 0x00,
  0x03, 0xFF, 0xFB, 0xFF, 0xFF, 0xFF, 0xFF, 0xFD, 0xFF, 0xFF, 0xFF, 0xFF,
  0xFC, 0xFF, 0xFF, 0xFF, 0xFF, 0xFC, 0x7F, 0xFF, 0xFF, 0xFF, 0xFE, 0x3F,
  0xFF, 0xFF, 0xFF, 0xFE, 0x1F, 0xFF, 0xFF, 0xFF, 0xFC, 0x0F, 0xFF, 0xFF,
  0xFF, 0xFC, 0x07, 0xFF, 0xFF, 0xFF, 0xF0, 0x03, 0xFF, 0xFF, 0xFF, 0xC0,
  0x00, 0x00, 0x00, 0x3F, 0xF8, 0x00, 0x00, 0x00, 0x07, 0xFF, 0xFE, 0x00,
  0x00, 0x00, 0x7F, 0xFF, 0xFE, 0x00, 0x00, 0x07, 0xFF, 0xFF, 0xFE, 0x00,
  0x00, 0x7F, 0xFF, 0xFF, 0xFC, 0x00, 0x03, 0xFF, 0xFF, 0xFF, 0xF8, 0x00,
  0x1F, 0xFF, 0xFF, 0xFF, 0xF0, 0x00, 0xFF, 0xFF, 0xFF, 0xFF, 0xE0, 0x07,
  0xFF, 0xFF, 0xFF, 0xFF, 0xC0, 0x1F, 0xFF, 0xC0, 0x7F, 0xFF, 0x00, 0xFF,
  0xFC, 0x00, 0x3F, 0xFE, 0x03, 0xFF, 0xC0, 0x00, 0x7F, 0xF8, 0x1F, 0xFE,
  0x00, 0x00, 0xFF, 0xF0, 0x7F, 0xF8, 0x00, 0x01, 0xFF, 0xC3, 0xFF, 0xC0,
  0x00, 0x07, 0xFF, 0x0F, 0xFF, 0x00, 0x00, 0x1F, 0xFE, 0x3F, 0xF8, 0x00,
  0x00, 0x3F, 0xF9, 0xFF, 0xE0, 0x00, 0x00, 0xFF, 0xE7, 0xFF, 0x80, 0x00,
  0x03, 0xFF, 0x9F, 0xFC, 0x00, 0x00, 0x0F, 0xFE, 0x7F, 0xF0, 0x00, 0x00,
  0x00, 0x01, 0xFF, 0xC0, 0x00, 0x00, 0x00, 0x0F, 0xFF, 0x00, 0x00, 0x00,
  0x00, 0x3F, 0xFC, 0x00, 0x00, 0x00, 0x00, 0xFF, 0xF0, 0x00, 0x00, 0x00,
  0x03, 0xFF, 0xC0, 0x00, 0x00, 0x00, 0x0F, 0xFF, 0x00, 0x00, 0x00, 0x00,
  0x3F, 0xFC, 0x00, 0x00, 0x00, 0x00, 0xFF, 0xF0, 0x00, 0x00, 0x00, 0x03,
  0xFF, 0xC0, 0x00, 0x00, 0x00, 0x0F, 0xFF, 0x00, 0x00, 0x00, 0x00, 0x3F,
  0xFC, 0x00, 0x00, 0x00, 0x00, 0xFF, 0xF0, 0x00, 0x00, 0x00, 0x03, 0xFF,
  0xC0, 0x00, 0x00, 0x00, 0x0F, 0xFF, 0x00, 0x00, 0x00, 0x00, 0x1F, 0xFC,
  0x00, 0x00, 0x00, 0x00, 0x7F, 0xF0, 0x00, 0x00, 0x00, 0x01, 0xFF, 0xC0,
  0x00, 0x00, 0x00, 0x07, 0xFF, 0x80, 0x00, 0x03, 0xFF, 0x9F, 0xFE, 0x00,
  0x00, 0x0F, 0xFE, 0x3F, 0xF8, 0x00, 0x00, 0x3F, 0xF8, 0xFF, 0xE0, 0x00,
  0x01, 0xFF, 0xE3, 0xFF, 0xC0, 0x00, 0x07, 0xFF, 0x87, 0xFF, 0x00, 0x00,
  0x1F, 0xFC, 0x1F, 0xFE, 0x00, 0x00, 0xFF, 0xF0, 0x7F, 0xFC, 0x00, 0x07,
  0xFF, 0xC0, 0xFF, 0xF8, 0x00, 0x3F, 0xFE, 0x01, 0xFF, 0xFC, 0x07, 0xFF,
  0xF8, 0x07, 0xFF, 0xFF, 0xFF, 0xFF, 0xC0, 0x0F, 0xFF, 0xFF, 0xFF, 0xFE,
  0x00, 0x1F, 0xFF, 0xFF, 0xFF, 0xF0, 0x00, 0x3F, 0xFF, 0xFF, 0xFF, 0x80,
  0x00, 0x7F, 0xFF, 0xFF, 0xFC, 0x00, 0x00, 0xFF, 0xFF, 0xFF, 0xE0, 0x00,
  0x00, 0xFF, 0xFF, 0xFE, 0x00, 0x00, 0x00, 0xFF, 0xFF, 0xE0, 0x00, 0x00,
  0x00, 0x3F, 0xF8, 0x00, 0x00, 0xFF, 0xFF, 0xFE, 0x00, 0x00, 0x3F, 0xFF,
  0xFF, 0xF0, 0x00, 0x0F, 0xFF, 0xFF, 0xFF, 0x80, 0x03, 0xFF, 0xFF, 0xFF,
  0xF8, 0x00, 0xFF, 0xFF, 0xFF, 0xFF, 0x00, 0x3F, 0xFF, 0xFF, 0xFF, 0xE0,
  0x0F, 0xFF, 0xFF, 0xFF, 0xFE, 0x03, 0xFF, 0xFF, 0xFF, 0xFF, 0xC0, 0xFF,
  0xFF, 0xFF, 0xFF, 0xF0, 0x3F, 0xF8, 0x01, 0xFF, 0xFE, 0x0F, 0xFE, 0x00,
  0x0F, 0xFF, 0xC3, 0xFF, 0x80, 0x01, 0xFF, 0xF8, 0xFF, 0xE0, 0x00, 0x3F,
  0xFE, 0x3F, 0xF8, 0x00, 0x07, 0xFF, 0xCF, 0xFE, 0x00, 0x00, 0xFF, 0xF3,
  0xFF, 0x80, 0x00, 0x1F, 0xFE, 0xFF, 0xE0, 0x00, 0x07, 0xFF, 0xBF, 0xF8,
  0x00, 0x01, 0xFF, 0xEF, 0xFE, 0x00, 0x00, 0x3F, 0xFB, 0xFF, 0x80, 0x00,
  0x0F, 0xFF, 0xFF, 0xE0, 0x00, 0x03, 0xFF, 0xFF, 0xF8, 0x00, 0x00, 0xFF,
  0xFF, 0xFE, 0x00, 0x00, 0x1F, 0xFF, 0xFF, 0x80, 0x00, 0x07, 0xFF, 0xFF,
  0xE0, 0x00, 0x01, 0xFF, 0xFF, 0xF8, 0x00, 0x00, 0x7F, 0xFF, 0xFE, 0x00,
  0x00, 0x1F, 0xFF, 0xFF, 0x80, 0x00, 0x07, 0xFF, 0xFF, 0xE0, 0x00, 0x01,
  0xFF, 0xFF, 0xF8, 0x00, 0x00, 0x7F, 0xFF, 0xFE, 0x00, 0x00, 0x1F, 0xFF,
  0xFF, 0x80, 0x00, 0x07, 0xFF, 0xFF, 0xE0, 0x00, 0x01, 0xFF, 0xFF, 0xF8,
  0x00, 0x00, 0xFF, 0xFF, 0xFE, 0x00, 0x00, 0x3F, 0xFF, 0xFF, 0x80, 0x00,
  0x0F, 0xFF, 0xFF, 0xE0, 0x00, 0x03, 0xFF, 0xBF, 0xF8, 0x00, 0x01, 0xFF,
  0xEF, 0xFE, 0x00, 0x00, 0x7F, 0xFB, 0xFF, 0x80, 0x00, 0x1F, 0xFE, 0xFF,
  0xE0, 0x00, 0x0F, 0xFF, 0x3F, 0xF8, 0x00, 0x07, 0xFF, 0xCF, 0xFE, 0x00,
  0x03, 0xFF, 0xE3, 0xFF, 0x80, 0x01, 0xFF, 0xF8, 0xFF, 0xE0, 0x00, 0xFF,
  0xFC, 0x3F, 0xF8, 0x01, 0xFF, 0xFE, 0x0F, 0xFF, 0xFF, 0xFF, 0xFF, 0x03,
  0xFF, 0xFF, 0xFF, 0xFF, 0xC0, 0xFF, 0xFF, 0xFF, 0xFF, 0xE0, 0x3F, 0xFF,
  0xFF, 0xFF, 0xE0, 0x0F, 0xFF, 0xFF, 0xFF, 0xF0, 0x03, 0xFF, 0xFF, 0xFF,
  0xF8, 0x00, 0xFF, 0xFF, 0xFF, 0xF8, 0x00, 0x3F, 0xFF, 0xFF, 0xF0, 0x00,
  0x0F, 0xFF, 0xFF, 0xE0, 0x00, 0x00, 0xFF, 0xFF, 0xFF, 0xFF, 0xFF, 0xFF,
  0xFF, 0xFF, 0xFF, 0xFF, 0xFF, 0xFF, 0xFF, 0xFF, 0xFF, 0xFF, 0xFF, 0xFF,
  0xFF, 0xFF, 0xFF, 0xFF, 0xFF, 0xFF, 0xFF, 0xFF, 0xFF, 0xFF, 0xFF, 0xFF,
  0xFF, 0xFF, 0xFF, 0xFF, 0xFF, 0xFF, 0xFF, 0xFF, 0xFF, 0xFF, 0xFF, 0xFF,
  0xFF, 0x00, 0x00, 0x00, 0x3F, 0xF8, 0x00, 0x00, 0x01, 0xFF, 0xC0, 0x00,
  0x00, 0x0F, 0xFE, 0x00, 0x00, 0x00, 0x7F, 0xF0, 0x00, 0x00, 0x03, 0xFF,
  0x80, 0x00, 0x00, 0x1F, 0xFC, 0x00, 0x00, 0x00, 0xFF, 0xE0, 0x00, 0x00,
  0x07, 0xFF, 0x00, 0x00, 0x00, 0x3F, 0xF8, 0x00, 0x00, 0x01, 0xFF, 0xC0,
  0x00, 0x00, 0x0F, 0xFE, 0x00, 0x00, 0x00, 0x7F, 0xF0, 0x00, 0x00, 0x03,
  0xFF, 0xFF, 0xFF, 0xFE, 0x1F, 0xFF, 0xFF, 0xFF, 0xF0, 0xFF, 0xFF, 0xFF,
  0xFF, 0x87, 0xFF, 0xFF, 0xFF, 0xFC, 0x3F, 0xFF, 0xFF, 0xFF, 0xE1, 0xFF,
  0xFF, 0xFF, 0xFF, 0x0F, 0xFF, 0xFF, 0xFF, 0xF8, 0x7F, 0xFF, 0xFF, 0xFF,
  0xC3, 0xFF, 0xFF, 0xFF, 0xFE, 0x1F, 0xFC, 0x00, 0x00, 0x00, 0xFF, 0xE0,
  0x00, 0x00, 0x07, 0xFF, 0x00, 0x00, 0x00, 0x3F, 0xF8, 0x00, 0x00, 0x01,
  0xFF, 0xC0, 0x00, 0x00, 0x0F, 0xFE, 0x00, 0x00, 0x00, 0x7F, 0xF0, 0x00,
  0x00, 0x03, 0xFF, 0x80, 0x00, 0x00, 0x1F, 0xFC, 0x00, 0x00, 0x00, 0xFF,
  0xE0, 0x00, 0x00, 0x07, 0xFF, 0x00, 0x00, 0x00, 0x3F, 0xF8, 0x00, 0x00,
  0x01, 0xFF, 0xC0, 0x00, 0x00, 0x0F, 0xFE, 0x00, 0x00, 0x00, 0x7F, 0xF0,
  0x00, 0x00, 0x03, 0xFF, 0xFF, 0xFF, 0xFF, 0xFF, 0xFF, 0xFF, 0xFF, 0xFF,
  0xFF, 0xFF, 0xFF, 0xFF, 0xFF, 0xFF, 0xFF, 0xFF, 0xFF, 0xFF, 0xFF, 0xFF,
  0xFF, 0xFF, 0xFF, 0xFF, 0xFF, 0xFF, 0xFF, 0xFF, 0xFF, 0xFF, 0xFF, 0xFF,
  0xFF, 0xFF, 0xFF, 0xFF, 0xFF, 0xFF, 0xFF, 0xFF, 0xE0, 0xFF, 0xFF, 0xFF,
  0xFF, 0xFF, 0xFF, 0xFF, 0xFF, 0xFF, 0xFF, 0xFF, 0xFF, 0xFF, 0xFF, 0xFF,
  0xFF, 0xFF, 0xFF, 0xFF, 0xFF, 0xFF, 0xFF, 0xFF, 0xFF, 0xFF, 0xFF, 0xFF,
  0xFF, 0xFF, 0xFF, 0xFF, 0xFF, 0xFF, 0xFF, 0xFF, 0xFF, 0xFF, 0xFF, 0xFF,
  0xFF, 0xFF, 0xFE, 0x00, 0x00, 0x00, 0xFF, 0xE0, 0x00, 0x00, 0x0F, 0xFE,
  0x00, 0x00, 0x00, 0xFF, 0xE0, 0x00, 0x00, 0x0F, 0xFE, 0x00, 0x00, 0x00,
  0xFF, 0xE0, 0x00, 0x00, 0x0F, 0xFE, 0x00, 0x00, 0x00, 0xFF, 0xE0, 0x00,
  0x00, 0x0F, 0xFE, 0x00, 0x00, 0x00, 0xFF, 0xE0, 0x00, 0x00, 0x0F, 0xFE,
  0x00, 0x00, 0x00, 0xFF, 0xE0, 0x00, 0x00, 0x0F, 0xFE, 0x00, 0x00, 0x00,
  0xFF, 0xE0, 0x00, 0x00, 0x0F, 0xFF, 0xFF, 0xFF, 0xF8, 0xFF, 0xFF, 0xFF,
  0xFF, 0x8F, 0xFF, 0xFF, 0xFF, 0xF8, 0xFF, 0xFF, 0xFF, 0xFF, 0x8F, 0xFF,
  0xFF, 0xFF, 0xF8, 0xFF, 0xFF, 0xFF, 0xFF, 0x8F, 0xFF, 0xFF, 0xFF, 0xF8,
  0xFF, 0xFF, 0xFF, 0xFF, 0x8F, 0xFF, 0xFF, 0xFF, 0xF8, 0xFF, 0xE0, 0x00,
  0x00, 0x0F, 0xFE, 0x00, 0x00, 0x00, 0xFF, 0xE0, 0x00, 0x00, 0x0F, 0xFE,
  0x00, 0x00, 0x00, 0xFF, 0xE0, 0x00, 0x00, 0x0F, 0xFE, 0x00, 0x00, 0x00,
  0xFF, 0xE0, 0x00, 0x00, 0x0F, 0xFE, 0x00, 0x00, 0x00, 0xFF, 0xE0, 0x00,
  0x00, 0x0F, 0xFE, 0x00, 0x00, 0x00, 0xFF, 0xE0, 0x00, 0x00, 0x0F, 0xFE,
  0x00, 0x00, 0x00, 0xFF, 0xE0, 0x00, 0x00, 0x0F, 0xFE, 0x00, 0x00, 0x00,
  0xFF, 0xE0, 0x00, 0x00, 0x0F, 0xFE, 0x00, 0x00, 0x00, 0xFF, 0xE0, 0x00,
  0x00, 0x0F, 0xFE, 0x00, 0x00, 0x00, 0xFF, 0xE0, 0x00, 0x00, 0x0F, 0xFE,
  0x00, 0x00, 0x00, 0xFF, 0xE0, 0x00, 0x00, 0x0F, 0xFE, 0x00, 0x00, 0x00,
  0xFF, 0xE0, 0x00, 0x00, 0x00, 0x00, 0x00, 0x3F, 0xF8, 0x00, 0x00, 0x00,
  0x1F, 0xFF, 0xFC, 0x00, 0x00, 0x03, 0xFF, 0xFF, 0xF8, 0x00, 0x00, 0x7F,
  0xFF, 0xFF, 0xF0, 0x00, 0x07, 0xFF, 0xFF, 0xFF, 0xC0, 0x00, 0x7F, 0xFF,
  0xFF, 0xFF, 0x00, 0x0F, 0xFF, 0xFF, 0xFF, 0xFC, 0x00, 0x7F, 0xFF, 0xFF,
  0xFF, 0xF0, 0x07, 0xFF, 0xFF, 0xFF, 0xFF, 0xC0, 0x7F, 0xFF, 0x00, 0xFF,
  0xFE, 0x07, 0xFF, 0xE0, 0x00, 0xFF, 0xF8, 0x3F, 0xFE, 0x00, 0x03, 0xFF,
  0xC3, 0xFF, 0xE0, 0x00, 0x0F, 0xFF, 0x1F, 0xFE, 0x00, 0x00, 0x7F, 0xF8,
  0xFF, 0xF0, 0x00, 0x01, 0xFF, 0xCF, 0xFF, 0x00, 0x00, 0x0F, 0xFE, 0x7F,
  0xF8, 0x00, 0x00, 0x7F, 0xFB, 0xFF, 0x80, 0x00, 0x01, 0xFF, 0xFF, 0xFC,
  0x00, 0x00, 0x00, 0x01, 0xFF, 0xE0, 0x00, 0x00, 0x00, 0x0F, 0xFF, 0x00,
  0x00, 0x00, 0x00, 0x7F, 0xF8, 0x00, 0x00, 0x00, 0x03, 0xFF, 0x80, 0x00,
  0x00, 0x00, 0x1F, 0xFC, 0x00, 0x00, 0x00, 0x00, 0xFF, 0xE0, 0x00, 0x00,
  0x00, 0x07, 0xFF, 0x00, 0x00, 0x00, 0x00, 0x3F, 0xF8, 0x00, 0x00, 0x00,
  0x01, 0xFF, 0xC0, 0x03, 0xFF, 0xFF, 0xFF, 0xFE, 0x00, 0x1F, 0xFF, 0xFF,
  0xFF, 0xF0, 0x00, 0xFF, 0xFF, 0xFF, 0xFF, 0x80, 0x07, 0xFF, 0xFF, 0xFF,
  0xFC, 0x00, 0x3F, 0xFF, 0xFF, 0xFF, 0xE0, 0x01, 0xFF, 0xFF, 0xFF, 0xFF,
  0x00, 0x0F, 0xFF, 0xFF, 0xFF, 0xF8, 0x00, 0x7F, 0xFF, 0xFF, 0xFF, 0xE0,
  0x00, 0x00, 0xFF, 0xFF, 0xFF, 0x00, 0x00, 0x07, 0xFF, 0xFF, 0xF8, 0x00,
  0x00, 0x3F, 0xFF, 0xFF, 0xC0, 0x00, 0x01, 0xFF, 0xEF, 0xFE, 0x00, 0x00,
  0x0F, 0xFF, 0x7F, 0xF8, 0x00, 0x00, 0x7F, 0xFB, 0xFF, 0xC0, 0x00, 0x03,
  0xFF, 0xCF, 0xFF, 0x00, 0x00, 0x1F, 0xFE, 0x7F, 0xFC, 0x00, 0x00, 0xFF,
  0xF3, 0xFF, 0xE0, 0x00, 0x07, 0xFF, 0x8F, 0xFF, 0x80, 0x00, 0x3F, 0xFC,
  0x3F, 0xFF, 0x00, 0x03, 0xFF, 0xE1, 0xFF, 0xFE, 0x00, 0xFF, 0xFF, 0x07,
  0xFF, 0xFF, 0xFF, 0xFF, 0xF8, 0x1F, 0xFF, 0xFF, 0xFF, 0xFF, 0xC0, 0x7F,
  0xFF, 0xFF, 0xFF, 0xFC, 0x01, 0xFF, 0xFF, 0xFF, 0xFF, 0x80, 0x07, 0xFF,
  0xFF, 0xFF, 0xF8, 0x00, 0x1F, 0xFF, 0xFF, 0xFF, 0x00, 0x00, 0x3F, 0xFF,
  0xFF, 0xE0, 0x00, 0x00, 0x3F, 0xFF, 0xFC, 0x00, 0x00, 0x00, 0x3F, 0xFE,
  0x00, 0x00, 0xFF, 0xE0, 0x00, 0x00, 0x3F, 0xFF, 0xFF, 0x00, 0x00, 0x01,
  0xFF, 0xFF, 0xF8, 0x00, 0x00, 0x0F, 0xFF, 0xFF, 0xC0, 0x00, 0x00, 0x7F,
  0xFF, 0xFE, 0x00, 0x00, 0x03, 0xFF, 0xFF, 0xF0, 0x00, 0x00, 0x1F, 0xFF,
  0xFF, 0x80, 0x00, 0x00, 0xFF, 0xFF, 0xFC, 0x00, 0x00, 0x07, 0xFF, 0xFF,
  0xE0, 0x00, 0x00, 0x3F, 0xFF, 0xFF, 0x00, 0x00, 0x01, 0xFF, 0xFF, 0xF8,
  0x00, 0x00, 0x0F, 0xFF, 0xFF, 0xC0, 0x00, 0x00, 0x7F, 0xFF, 0xFE, 0x00,
  0x00, 0x03, 0xFF, 0xFF, 0xF0, 0x00, 0x00, 0x1F, 0xFF, 0xFF, 0x80, 0x00,
  0x00, 0xFF, 0xFF, 0xFC, 0x00, 0x00, 0x07, 0xFF, 0xFF, 0xE0, 0x00, 0x00,
  0x3F, 0xFF, 0xFF, 0x00, 0x00, 0x01, 0xFF, 0xFF, 0xF8, 0x00, 0x00, 0x0F,
  0xFF, 0xFF, 0xC0, 0x00, 0x00, 0x7F, 0xFF, 0xFE, 0x00, 0x00, 0x03, 0xFF,
  0xFF, 0xF0, 0x00, 0x00, 0x1F, 0xFF, 0xFF, 0xFF, 0xFF, 0xFF, 0xFF, 0xFF,
  0xFF, 0xFF, 0xFF, 0xFF, 0xFF, 0xFF, 0xFF, 0xFF, 0xFF, 0xFF, 0xFF, 0xFF,
  0xFF, 0xFF, 0xFF, 0xFF, 0xFF, 0xFF, 0xFF, 0xFF, 0xFF, 0xFF, 0xFF, 0xFF,
  0xFF, 0xFF, 0xFF, 0xFF, 0xFF, 0xFF, 0xFF, 0xFF, 0xFF, 0xFF, 0xFF, 0xFF,
  0xFF, 0xFF, 0xFF, 0xFF, 0xFF, 0xFF, 0xFF, 0xFF, 0xFF, 0xFC, 0x00, 0x00,
  0x07, 0xFF, 0xFF, 0xE0, 0x00, 0x00, 0x3F, 0xFF, 0xFF, 0x00, 0x00, 0x01,
  0xFF, 0xFF, 0xF8, 0x00, 0x00, 0x0F, 0xFF, 0xFF, 0xC0, 0x00, 0x00, 0x7F,
  0xFF, 0xFE, 0x00, 0x00, 0x03, 0xFF, 0xFF, 0xF0, 0x00, 0x00, 0x1F, 0xFF,
  0xFF, 0x80, 0x00, 0x00, 0xFF, 0xFF, 0xFC, 0x00, 0x00, 0x07, 0xFF, 0xFF,
  0xE0, 0x00, 0x00, 0x3F, 0xFF, 0xFF, 0x00, 0x00, 0x01, 0xFF, 0xFF, 0xF8,
  0x00, 0x00, 0x0F, 0xFF, 0xFF, 0xC0, 0x00, 0x00, 0x7F, 0xFF, 0xFE, 0x00,
  0x00, 0x03, 0xFF, 0xFF, 0xF0, 0x00, 0x00, 0x1F, 0xFF, 0xFF, 0x80, 0x00,
  0x00, 0xFF, 0xFF, 0xFC, 0x00, 0x00, 0x07, 0xFF, 0xFF, 0xE0, 0x00, 0x00,
  0x3F, 0xFF, 0xFF, 0x00, 0x00, 0x01, 0xFF, 0xFF, 0xF8, 0x00, 0x00, 0x0F,
  0xFF, 0xFF, 0xC0, 0x00, 0x00, 0x7F, 0xFF, 0xFE, 0x00, 0x00, 0x03, 0xFF,
  0xFF, 0xF0, 0x00, 0x00, 0x1F, 0xFF, 0xFF, 0x80, 0x00, 0x00, 0xFF, 0xE0,
  0xFF, 0xFF, 0xFF, 0xFF, 0xFF, 0xFF, 0xFF, 0xFF, 0xFF, 0xFF, 0xFF, 0xFF,
  0xFF, 0xFF, 0xFF, 0xFF, 0xFF, 0xFF, 0xFF, 0xFF, 0xFF, 0xFF, 0xFF, 0xFF,
  0xFF, 0xFF, 0xFF, 0xFF, 0xFF, 0xFF, 0xFF, 0xFF, 0xFF, 0xFF, 0xFF, 0xFF,
  0xFF, 0xFF, 0xFF, 0xFF, 0xFF, 0xFF, 0xFF, 0xFF, 0xFF, 0xFF, 0xFF, 0xFF,
  0xFF, 0xFF, 0xFF, 0xFF, 0xFF, 0xFF, 0xFF, 0xFF, 0xFF, 0xFF, 0xFF, 0xFF,
  0xFF, 0xFF, 0xFF, 0xFF, 0xFF, 0xFF, 0xFF, 0xFF, 0xFF, 0xFF, 0xFF, 0xFF,
  0xFF, 0xFF, 0xFF, 0xF8, 0x00, 0x00, 0x00, 0x7F, 0xF8, 0x00, 0x00, 0x03,
  0xFF, 0xC0, 0x00, 0x00, 0x1F, 0xFE, 0x00, 0x00, 0x00, 0xFF, 0xF0, 0x00,
  0x00, 0x07, 0xFF, 0x80, 0x00, 0x00, 0x3F, 0xFC, 0x00, 0x00, 0x01, 0xFF,
  0xE0, 0x00, 0x00, 0x0F, 0xFF, 0x00, 0x00, 0x00, 0x7F, 0xF8, 0x00, 0x00,
  0x03, 0xFF, 0xC0, 0x00, 0x00, 0x1F, 0xFE, 0x00, 0x00, 0x00, 0xFF, 0xF0,
  0x00, 0x00, 0x07, 0xFF, 0x80, 0x00, 0x00, 0x3F, 0xFC, 0x00, 0x00, 0x01,
  0xFF, 0xE0, 0x00, 0x00, 0x0F, 0xFF, 0x00, 0x00, 0x00, 0x7F, 0xF8, 0x00,
  0x00, 0x03, 0xFF, 0xC0, 0x00, 0x00, 0x1F, 0xFE, 0x00, 0x00, 0x00, 0xFF,
  0xF0, 0x00, 0x00, 0x07, 0xFF, 0x80, 0x00, 0x00, 0x3F, 0xFC, 0x00, 0x00,
  0x01, 0xFF, 0xE0, 0x00, 0x00, 0x0F, 0xFF, 0x00, 0x00, 0x00, 0x7F, 0xF8,
  0x00, 0x00, 0x03, 0xFF, 0xC0, 0x00, 0x00, 0x1F, 0xFE, 0x00, 0x00, 0x00,
  0xFF, 0xF0, 0x00, 0x00, 0x07, 0xFF, 0x80, 0x00, 0x00, 0x3F, 0xFC, 0x00,
  0x00, 0x01, 0xFF, 0xE0, 0x00, 0x00, 0x0F, 0xFF, 0x00, 0x00, 0x00, 0x7F,
  0xF8, 0x00, 0x00, 0x03, 0xFF, 0xC0, 0x00, 0x00, 0x1F, 0xFE, 0x00, 0x00,
  0x00, 0xFF, 0xF0, 0x00, 0x00, 0x07, 0xFF, 0x80, 0x00, 0x00, 0x3F, 0xFC,
  0x00, 0x00, 0x01, 0xFF, 0xFF, 0xFC, 0x00, 0x0F, 0xFF, 0xFF, 0xE0, 0x00,
  0x7F, 0xFF, 0xFF, 0x00, 0x03, 0xFF, 0xFF, 0xF8, 0x00, 0x1F, 0xFD, 0xFF,
  0xE0, 0x01, 0xFF, 0xEF, 0xFF, 0x00, 0x0F, 0xFF, 0x3F, 0xFC, 0x00, 0xFF,
  0xF1, 0xFF, 0xF8, 0x1F, 0xFF, 0x8F, 0xFF, 0xFF, 0xFF, 0xFC, 0x3F, 0xFF,
  0xFF, 0xFF, 0xC0, 0xFF, 0xFF, 0xFF, 0xFC, 0x07, 0xFF, 0xFF, 0xFF, 0xC0,
  0x1F, 0xFF, 0xFF, 0xFC, 0x00, 0x3F, 0xFF, 0xFF, 0xC0, 0x00, 0xFF, 0xFF,
  0xF8, 0x00, 0x01, 0xFF, 0xFF, 0x00, 0x00, 0x00, 0xFF, 0xC0, 0x00, 0xFF,
  0xE0, 0x00, 0x03, 0xFF, 0xF7, 0xFF, 0x00, 0x00, 0x3F, 0xFF, 0x3F, 0xF8,
  0x00, 0x01, 0xFF, 0xF9, 0xFF, 0xC0, 0x00, 0x1F, 0xFF, 0x8F, 0xFE, 0x00,
  0x01, 0xFF, 0xF8, 0x7F, 0xF0, 0x00, 0x1F, 0xFF, 0x83, 0xFF, 0x80, 0x00,
  0xFF, 0xF8, 0x1F, 0xFC, 0x00, 0x0F, 0xFF, 0xC0, 0xFF, 0xE0, 0x00, 0xFF,
  0xFC, 0x07, 0xFF, 0x00, 0x0F, 0xFF, 0xC0, 0x3F, 0xF8, 0x00, 0xFF, 0xFC,
  0x01, 0xFF, 0xC0, 0x07, 0xFF, 0xC0, 0x0F, 0xFE, 0x00, 0x7F, 0xFC, 0x00,
  0x7F, 0xF0, 0x07, 0xFF, 0xE0, 0x03, 0xFF, 0x80, 0x7F, 0xFE, 0x00, 0x1F,
  0xFC, 0x03, 0xFF, 0xE0, 0x00, 0xFF, 0xE0, 0x3F, 0xFE, 0x00, 0x07, 0xFF,
  0x03, 0xFF, 0xE0, 0x00, 0x3F, 0xF8, 0x3F, 0xFF, 0x00, 0x01, 0xFF, 0xC1,
  0xFF, 0xF0, 0x00, 0x0F, 0xFE, 0x1F, 0xFF, 0x00, 0x00, 0x7F, 0xF1, 0xFF,
  0xF0, 0x00, 0x03, 0xFF, 0x9F, 0xFF, 0x00, 0x00, 0x1F, 0xFC, 0xFF, 0xF8,
  0x00, 0x00, 0xFF, 0xEF, 0xFF, 0x80, 0x00, 0x07, 0xFF, 0xFF, 0xFE, 0x00,
  0x00, 0x3F, 0xFF, 0xFF, 0xF0, 0x00, 0x01, 0xFF, 0xFF, 0xFF, 0xC0, 0x00,
  0x0F, 0xFF, 0xFF, 0xFF, 0x00, 0x00, 0x7F, 0xFF, 0xFF, 0xF8, 0x00, 0x03,
  0xFF, 0xFF, 0xFF, 0xE0, 0x00, 0x1F, 0xFF, 0xFF, 0xFF, 0x80, 0x00, 0xFF,
  0xFF, 0xFF, 0xFC, 0x00, 0x07, 0xFF, 0xFD, 0xFF, 0xF0, 0x00, 0x3F, 0xFF,
  0xCF, 0xFF, 0xC0, 0x01, 0xFF, 0xFC, 0x3F, 0xFE, 0x00, 0x0F, 0xFF, 0xC0,
  0xFF, 0xF8, 0x00, 0x7F, 0xFC, 0x07, 0xFF, 0xE0, 0x03, 0xFF, 0xC0, 0x1F,
  0xFF, 0x00, 0x1F, 0xFC, 0x00, 0x7F, 0xFC, 0x00, 0xFF, 0xE0, 0x03, 0xFF,
  0xF0, 0x07, 0xFF, 0x00, 0x0F, 0xFF, 0x80, 0x3F, 0xF8, 0x00, 0x3F, 0xFE,
  0x01, 0xFF, 0xC0, 0x01, 0xFF, 0xF8, 0x0F, 0xFE, 0x00, 0x07, 0xFF, 0xC0,
  0x7F, 0xF0, 0x00, 0x3F, 0xFF, 0x03, 0xFF, 0x80, 0x00, 0xFF, 0xFC, 0x1F,
  0xFC, 0x00, 0x03, 0xFF, 0xE0, 0xFF, 0xE0, 0x00, 0x1F, 0xFF, 0x87, 0xFF,
  0x00, 0x00, 0x7F, 0xFE, 0x3F, 0xF8, 0x00, 0x01, 0xFF, 0xF1, 0xFF, 0xC0,
  0x00, 0x0F, 0xFF, 0xCF, 0xFE, 0x00, 0x00, 0x3F, 0xFE, 0x7F, 0xF0, 0x00,
  0x00, 0xFF, 0xFB, 0xFF, 0x80, 0x00, 0x07, 0xFF, 0xE0, 0xFF, 0xE0, 0x00,
  0x00, 0x0F, 0xFE, 0x00, 0x00, 0x00, 0xFF, 0xE0, 0x00, 0x00, 0x0F, 0xFE,
  0x00, 0x00, 0x00, 0xFF, 0xE0, 0x00, 0x00, 0x0F, 0xFE, 0x00, 0x00, 0x00,
  0xFF, 0xE0, 0x00, 0x00, 0x0F, 0xFE, 0x00, 0x00, 0x00, 0xFF, 0xE0, 0x00,
  0x00, 0x0F, 0xFE, 0x00, 0x00, 0x00, 0xFF, 0xE0, 0x00, 0x00, 0x0F, 0xFE,
  0x00, 0x00, 0x00, 0xFF, 0xE0, 0x00, 0x00, 0x0F, 0xFE, 0x00, 0x00, 0x00,
  0xFF, 0xE0, 0x00, 0x00, 0x0F, 0xFE, 0x00, 0x00, 0x00, 0xFF, 0xE0, 0x00,
  0x00, 0x0F, 0xFE, 0x00, 0x00, 0x00, 0xFF, 0xE0, 0x00, 0x00, 0x0F, 0xFE,
  0x00, 0x00, 0x00, 0xFF, 0xE0, 0x00, 0x00, 0x0F, 0xFE, 0x00, 0x00, 0x00,
  0xFF, 0xE0, 0x00, 0x00, 0x0F, 0xFE, 0x00, 0x00, 0x00, 0xFF, 0xE0, 0x00,
  0x00, 0x0F, 0xFE, 0x00, 0x00, 0x00, 0xFF, 0xE0, 0x00, 0x00, 0x0F, 0xFE,
  0x00, 0x00, 0x00, 0xFF, 0xE0, 0x00, 0x00, 0x0F, 0xFE, 0x00, 0x00, 0x00,
  0xFF, 0xE0, 0x00, 0x00, 0x0F, 0xFE, 0x00, 0x00, 0x00, 0xFF, 0xE0, 0x00,
  0x00, 0x0F, 0xFE, 0x00, 0x00, 0x00, 0xFF, 0xE0, 0x00, 0x00, 0x0F, 0xFE,
  0x00, 0x00, 0x00, 0xFF, 0xE0, 0x00, 0x00, 0x0F, 0xFE, 0x00, 0x00, 0x00,
  0xFF, 0xE0, 0x00, 0x00, 0x0F, 0xFE, 0x00, 0x00, 0x00, 0xFF, 0xE0, 0x00,
  0x00, 0x0F, 0xFE, 0x00, 0x00, 0x00, 0xFF, 0xE0, 0x00, 0x00, 0x0F, 0xFE,
  0x00, 0x00, 0x00, 0xFF, 0xE0, 0x00, 0x00, 0x0F, 0xFE, 0x00, 0x00, 0x00,
  0xFF, 0xFF, 0xFF, 0xFF, 0xFF, 0xFF, 0xFF, 0xFF, 0xFF, 0xFF, 0xFF, 0xFF,
  0xFF, 0xFF, 0xFF, 0xFF, 0xFF, 0xFF, 0xFF, 0xFF, 0xFF, 0xFF, 0xFF, 0xFF,
  0xFF, 0xFF, 0xFF, 0xFF, 0xFF, 0xFF, 0xFF, 0xFF, 0xFF, 0xFF, 0xFF, 0xFF,
  0xFF, 0xFF, 0xFF, 0xFF, 0xF0, 0xFF, 0xFE, 0x00, 0x00, 0x00, 0x1F, 0xFF,
  0xFF, 0xFF, 0x80, 0x00, 0x00, 0x07, 0xFF, 0xFF, 0xFF, 0xF0, 0x00, 0x00,
  0x03, 0xFF, 0xFF, 0xFF, 0xFC, 0x00, 0x00, 0x00, 0xFF, 0xFF, 0xFF, 0xFF,
  0x00, 0x00, 0x00, 0x3F, 0xFF, 0xFF, 0xFF, 0xE0, 0x00, 0x00, 0x1F, 0xFF,
  0xFF, 0xFF, 0xF8, 0x00, 0x00, 0x07, 0xFF, 0xFF, 0xFF, 0xFE, 0x00, 0x00,
  0x01, 0xFF, 0xFF, 0xFF, 0xFF, 0xC0, 0x00, 0x00, 0xFF, 0xFF, 0xFF, 0xFF,
  0xF0, 0x00, 0x00, 0x3F, 0xFF, 0xFF, 0xFF, 0xFE, 0x00, 0x00, 0x0F, 0xFF,
  0xFF, 0xFF, 0xFF, 0x80, 0x00, 0x07, 0xFF, 0xFF, 0xFF, 0xFF, 0xE0, 0x00,
  0x01, 0xFF, 0xFF, 0xFF, 0xFF, 0xFC, 0x00, 0x00, 0x7F, 0xFF, 0xFF, 0xFF,
  0xFF, 0x00, 0x00, 0x3F, 0xFF, 0xFF, 0xFF, 0x7F, 0xC0, 0x00, 0x0F, 0xFB,
  0xFF, 0xFF, 0xDF, 0xF8, 0x00, 0x07, 0xFE, 0xFF, 0xFF, 0xF3, 0xFE, 0x00,
  0x01, 0xFF, 0xBF, 0xFF, 0xFC, 0xFF, 0x80, 0x00, 0x7F, 0xCF, 0xFF, 0xFF,
  0x3F, 0xF0, 0x00, 0x3F, 0xF3, 0xFF, 0xFF, 0xC7, 0xFC, 0x00, 0x0F, 0xFC,
  0xFF, 0xFF, 0xF9, 0xFF, 0x00, 0x03, 0xFE, 0x3F, 0xFF, 0xFE, 0x7F, 0xE0,
  0x01, 0xFF, 0x8F, 0xFF, 0xFF, 0x8F, 0xF8, 0x00, 0x7F, 0xC3, 0xFF, 0xFF,
  0xE3, 0xFE, 0x00, 0x1F, 0xF1, 0xFF, 0xFF, 0xF8, 0xFF, 0xC0, 0x0F, 0xFC,
  0x7F, 0xFF, 0xFE, 0x1F, 0xF0, 0x03, 0xFE, 0x1F, 0xFF, 0xFF, 0x87, 0xFE,
  0x00, 0xFF, 0x87, 0xFF, 0xFF, 0xE0, 0xFF, 0x80, 0x7F, 0xE1, 0xFF, 0xFF,
  0xF8, 0x3F, 0xE0, 0x1F, 0xF0, 0x7F, 0xFF, 0xFE, 0x0F, 0xFC, 0x07, 0xFC,
  0x1F, 0xFF, 0xFF, 0x81, 0xFF, 0x03, 0xFF, 0x07, 0xFF, 0xFF, 0xE0, 0x7F,
  0xC0, 0xFF, 0x81, 0xFF, 0xFF, 0xF8, 0x1F, 0xF8, 0x3F, 0xE0, 0x7F, 0xFF,
  0xFE, 0x03, 0xFE, 0x1F, 0xF0, 0x1F, 0xFF, 0xFF, 0x80, 0xFF, 0x87, 0xFC,
  0x07, 0xFF, 0xFF, 0xE0, 0x3F, 0xF3, 0xFF, 0x01, 0xFF, 0xFF, 0xF8, 0x07,
  0xFC, 0xFF, 0x80, 0x7F, 0xFF, 0xFE, 0x01, 0xFF, 0x3F, 0xE0, 0x1F, 0xFF,
  0xFF, 0x80, 0x3F, 0xFF, 0xF8, 0x07, 0xFF, 0xFF, 0xE0, 0x0F, 0xFF, 0xFC,
  0x01, 0xFF, 0xFF, 0xF8, 0x03, 0xFF, 0xFF, 0x00, 0x7F, 0xFF, 0xFE, 0x00,
  0x7F, 0xFF, 0xC0, 0x1F, 0xFF, 0xFF, 0x80, 0x1F, 0xFF, 0xE0, 0x07, 0xFF,
  0xFF, 0xE0, 0x07, 0xFF, 0xF8, 0x01, 0xFF, 0xFF, 0xF8, 0x00, 0xFF, 0xFC,
  0x00, 0x7F, 0xFF, 0xFE, 0x00, 0x3F, 0xFF, 0x00, 0x1F, 0xFF, 0xFF, 0x80,
  0x0F, 0xFF, 0xC0, 0x07, 0xFF, 0xFF, 0xE0, 0x01, 0xFF, 0xE0, 0x01, 0xFF,
  0xFF, 0xF8, 0x00, 0x7F, 0xF8, 0x00, 0x7F, 0xFF, 0xFE, 0x00, 0x0F, 0xFE,
  0x00, 0x1F, 0xFF, 0xFF, 0x80, 0x03, 0xFF, 0x00, 0x07, 0xFF, 0xFF, 0xE0,
  0x00, 0xFF, 0xC0, 0x01, 0xFF, 0xFF, 0xF8, 0x00, 0x1F, 0xF0, 0x00, 0x7F,
  0xFF, 0xFE, 0x00, 0x07, 0xF8, 0x00, 0x1F, 0xFC, 0xFF, 0xF0, 0x00, 0x00,
  0x3F, 0xFF, 0xFF, 0x80, 0x00, 0x01, 0xFF, 0xFF, 0xFE, 0x00, 0x00, 0x0F,
  0xFF, 0xFF, 0xF8, 0x00, 0x00, 0x7F, 0xFF, 0xFF, 0xC0, 0x00, 0x03, 0xFF,
  0xFF, 0xFF, 0x00, 0x00, 0x1F, 0xFF, 0xFF, 0xF8, 0x00, 0x00, 0xFF, 0xFF,
  0xFF, 0xE0, 0x00, 0x07, 0xFF, 0xFF, 0xFF, 0x80, 0x00, 0x3F, 0xFF, 0xFF,
  0xFC, 0x00, 0x01, 0xFF, 0xFF, 0xFF, 0xF0, 0x00, 0x0F, 0xFF, 0xFF, 0xFF,
  0x80, 0x00, 0x7F, 0xFF, 0xFF, 0xFE, 0x00, 0x03, 0xFF, 0xFF, 0xFF, 0xF8,
  0x00, 0x1F, 0xFF, 0xFF, 0xFF, 0xC0, 0x00, 0xFF, 0xFF, 0xFF, 0xFF, 0x00,
  0x07, 0xFF, 0xFF, 0xFF, 0xF8, 0x00, 0x3F, 0xFF, 0xFF, 0xFF, 0xE0, 0x01,
  0xFF, 0xFF, 0xFB, 0xFF, 0x80, 0x0F, 0xFF, 0xFF, 0xDF, 0xFC, 0x00, 0x7F,
  0xFF, 0xFE, 0x7F, 0xF0, 0x03, 0xFF, 0xFF, 0xF3, 0xFF, 0x80, 0x1F, 0xFF,
  0xFF, 0x8F, 0xFE, 0x00, 0xFF, 0xFF, 0xFC, 0x3F, 0xF8, 0x07, 0xFF, 0xFF,
  0xE1, 0xFF, 0xC0, 0x3F, 0xFF, 0xFF, 0x07, 0xFF, 0x01, 0xFF, 0xFF, 0xF8,
  0x3F, 0xF8, 0x0F, 0xFF, 0xFF, 0xC0, 0xFF, 0xE0, 0x7F, 0xFF, 0xFE, 0x03,
  0xFF, 0x83, 0xFF, 0xFF, 0xF0, 0x1F, 0xFC, 0x1F, 0xFF, 0xFF, 0x80, 0x7F,
  0xF0, 0xFF, 0xFF, 0xFC, 0x03, 0xFF, 0x87, 0xFF, 0xFF, 0xE0, 0x0F, 0xFE,
  0x3F, 0xFF, 0xFF, 0x00, 0x3F, 0xF9, 0xFF, 0xFF, 0xF8, 0x01, 0xFF, 0xCF,
  0xFF, 0xFF, 0xC0, 0x07, 0xFF, 0x7F, 0xFF, 0xFE, 0x00, 0x3F, 0xFB, 0xFF,
  0xFF, 0xF0, 0x00, 0xFF, 0xFF, 0xFF, 0xFF, 0x80, 0x03, 0xFF, 0xFF, 0xFF,
  0xFC, 0x00, 0x1F, 0xFF, 0xFF, 0xFF, 0xE0, 0x00, 0x7F, 0xFF, 0xFF, 0xFF,
  0x00, 0x03, 0xFF, 0xFF, 0xFF, 0xF8, 0x00, 0x0F, 0xFF, 0xFF, 0xFF, 0xC0,
  0x00, 0x3F, 0xFF, 0xFF, 0xFE, 0x00, 0x01, 0xFF, 0xFF, 0xFF, 0xF0, 0x00,
  0x07, 0xFF, 0xFF, 0xFF, 0x80, 0x00, 0x1F, 0xFF, 0xFF, 0xFC, 0x00, 0x00,
  0xFF, 0xFF, 0xFF, 0xE0, 0x00, 0x03, 0xFF, 0xFF, 0xFF, 0x00, 0x00, 0x1F,
  0xFF, 0xFF, 0xF8, 0x00, 0x00, 0x7F, 0xFF, 0xFF, 0xC0, 0x00, 0x01, 0xFF,
  0xFF, 0xFE, 0x00, 0x00, 0x0F, 0xFF, 0xFF, 0xF0, 0x00, 0x00, 0x3F, 0xFF,
  0xFF, 0x80, 0x00, 0x01, 0xFF, 0xE0, 0x00, 0x00, 0x1F, 0xF8, 0x00, 0x00,
  0x00, 0x01, 0xFF, 0xFF, 0x80, 0x00, 0x00, 0x07, 0xFF, 0xFF, 0xE0, 0x00,
  0x00, 0x1F, 0xFF, 0xFF, 0xF0, 0x00, 0x00, 0x3F, 0xFF, 0xFF, 0xFC, 0x00,
  0x00, 0x7F, 0xFF, 0xFF, 0xFE, 0x00, 0x00, 0xFF, 0xFF, 0xFF, 0xFF, 0x00,
  0x01, 0xFF, 0xFF, 0xFF, 0xFF, 0x80, 0x03, 0xFF, 0xFF, 0xFF, 0xFF, 0xC0,
  0x07, 0xFF, 0xF8, 0x1F, 0xFF, 0xE0, 0x0F, 0xFF, 0xC0, 0x07, 0xFF, 0xE0,
  0x0F, 0xFF, 0x80, 0x01, 0xFF, 0xF0, 0x1F, 0xFF, 0x00, 0x00, 0xFF, 0xF0,
  0x1F, 0xFE, 0x00, 0x00, 0x7F, 0xF8, 0x3F, 0xFC, 0x00, 0x00, 0x7F, 0xF8,
  0x3F, 0xFC, 0x00, 0x00, 0x3F, 0xFC, 0x3F, 0xFC, 0x00, 0x00, 0x3F, 0xFC,
  0x7F, 0xF8, 0x00, 0x00, 0x1F, 0xFC, 0x7F, 0xF8, 0x00, 0x00, 0x1F, 0xFE,
  0x7F, 0xF8, 0x00, 0x00, 0x1F, 0xFE, 0x7F, 0xF0, 0x00, 0x00, 0x1F, 0xFE,
  0x7F, 0xF0, 0x00, 0x00, 0x0F, 0xFE, 0x7F, 0xF0, 0x00, 0x00, 0x0F, 0xFE,
  0xFF, 0xF0, 0x00, 0x00, 0x0F, 0xFE, 0xFF, 0xF0, 0x00, 0x00, 0x0F, 0xFE,
  0xFF, 0xF0, 0x00, 0x00, 0x0F, 0xFE, 0xFF, 0xF0, 0x00, 0x00, 0x0F, 0xFE,
  0xFF, 0xF0, 0x00, 0x00, 0x0F, 0xFF, 0xFF, 0xF0, 0x00, 0x00, 0x0F, 0xFF,
  0xFF, 0xF0, 0x00, 0x00, 0x0F, 0xFF, 0xFF, 0xF0, 0x00, 0x00, 0x0F, 0xFE,
  0xFF, 0xF0, 0x00, 0x00, 0x0F, 0xFE, 0xFF, 0xF0, 0x00, 0x00, 0x0F, 0xFE,
  0xFF, 0xF0, 0x00, 0x00, 0x0F, 0xFE, 0x7F, 0xF0, 0x00, 0x00, 0x0F, 0xFE,
  0x7F, 0xF0, 0x00, 0x00, 0x0F, 0xFE, 0x7F, 0xF0, 0x00, 0x00, 0x1F, 0xFE,
  0x7F, 0xF8, 0x00, 0x00, 0x1F, 0xFE, 0x7F, 0xF8, 0x00, 0x00, 0x1F, 0xFE,
  0x7F, 0xF8, 0x00, 0x00, 0x1F, 0xFC, 0x3F, 0xFC, 0x00, 0x00, 0x3F, 0xFC,
  0x3F, 0xFC, 0x00, 0x00, 0x3F, 0xFC, 0x3F, 0xFC, 0x00, 0x00, 0x7F, 0xF8,
  0x1F, 0xFE, 0x00, 0x00, 0x7F, 0xF8, 0x1F, 0xFF, 0x00, 0x00, 0xFF, 0xF0,
  0x0F, 0xFF, 0x80, 0x01, 0xFF, 0xF0, 0x0F, 0xFF, 0xC0, 0x03, 0xFF, 0xE0,
  0x07, 0xFF, 0xF8, 0x1F, 0xFF, 0xE0, 0x03, 0xFF, 0xFF, 0xFF, 0xFF, 0xC0,
  0x01, 0xFF, 0xFF, 0xFF, 0xFF, 0x80, 0x00, 0xFF, 0xFF, 0xFF, 0xFF, 0x00,
  0x00, 0x7F, 0xFF, 0xFF, 0xFE, 0x00, 0x00, 0x3F, 0xFF, 0xFF, 0xFC, 0x00,
  0x00, 0x1F, 0xFF, 0xFF, 0xF8, 0x00, 0x00, 0x07, 0xFF, 0xFF, 0xE0, 0x00,
  0x00, 0x01, 0xFF, 0xFF, 0x80, 0x00, 0x00, 0x00, 0x1F, 0xF8, 0x00, 0x00,
  0xFF, 0xFF, 0xFF, 0xE0, 0x00, 0x3F, 0xFF, 0xFF, 0xFF, 0x80, 0x0F, 0xFF,
  0xFF, 0xFF, 0xF8, 0x03, 0xFF, 0xFF, 0xFF, 0xFF, 0x80, 0xFF, 0xFF, 0xFF,
  0xFF, 0xF0, 0x3F, 0xFF, 0xFF, 0xFF, 0xFE, 0x0F, 0xFF, 0xFF, 0xFF, 0xFF,
  0xC3, 0xFF, 0xFF, 0xFF, 0xFF, 0xF8, 0xFF, 0xFF, 0xFF, 0xFF, 0xFF, 0x3F,
  0xF8, 0x00, 0x1F, 0xFF, 0xCF, 0xFE, 0x00, 0x01, 0xFF, 0xFB, 0xFF, 0x80,
  0x00, 0x3F, 0xFE, 0xFF, 0xE0, 0x00, 0x07, 0xFF, 0xFF, 0xF8, 0x00, 0x00,
  0xFF, 0xFF, 0xFE, 0x00, 0x00, 0x3F, 0xFF, 0xFF, 0x80, 0x00, 0x07, 0xFF,
  0xFF, 0xE0, 0x00, 0x01, 0xFF, 0xFF, 0xF8, 0x00, 0x00, 0x7F, 0xFF, 0xFE,
  0x00, 0x00, 0x1F, 0xFF, 0xFF, 0x80, 0x00, 0x07, 0xFF, 0xFF, 0xE0, 0x00,
  0x03, 0xFF, 0xFF, 0xF8, 0x00, 0x00, 0xFF, 0xFF, 0xFE, 0x00, 0x00, 0x3F,
  0xFF, 0xFF, 0x80, 0x00, 0x1F, 0xFE, 0xFF, 0xE0, 0x00, 0x0F, 0xFF, 0xBF,
  0xF8, 0x00, 0x0F, 0xFF, 0xEF, 0xFF, 0xFF, 0xFF, 0xFF, 0xF3, 0xFF, 0xFF,
  0xFF, 0xFF, 0xF8, 0xFF, 0xFF, 0xFF, 0xFF, 0xFE, 0x3F, 0xFF, 0xFF, 0xFF,
  0xFF, 0x0F, 0xFF, 0xFF, 0xFF, 0xFF, 0x83, 0xFF, 0xFF, 0xFF, 0xFF, 0x80,
  0xFF, 0xFF, 0xFF, 0xFF, 0xC0, 0x3F, 0xFF, 0xFF, 0xFF, 0x80, 0x0F, 0xFF,
  0xFF, 0xFF, 0x00, 0x03, 0xFF, 0x80, 0x00, 0x00, 0x00, 0xFF, 0xE0, 0x00,
  0x00, 0x00, 0x3F, 0xF8, 0x00, 0x00, 0x00, 0x0F, 0xFE, 0x00, 0x00, 0x00,
  0x03, 0xFF, 0x80, 0x00, 0x00, 0x00, 0xFF, 0xE0, 0x00, 0x00, 0x00, 0x3F,
  0xF8, 0x00, 0x00, 0x00, 0x0F, 0xFE, 0x00, 0x00, 0x00, 0x03, 0xFF, 0x80,
  0x00, 0x00, 0x00, 0xFF, 0xE0, 0x00, 0x00, 0x00, 0x3F, 0xF8, 0x00, 0x00,
  0x00, 0x0F, 0xFE, 0x00, 0x00, 0x00, 0x03, 0xFF, 0x80, 0x00, 0x00, 0x00,
  0xFF, 0xE0, 0x00, 0x00, 0x00, 0x3F, 0xF8, 0x00, 0x00, 0x00, 0x0F, 0xFE,
  0x00, 0x00, 0x00, 0x03, 0xFF, 0x80, 0x00, 0x00, 0x00, 0xFF, 0xE0, 0x00,
  0x00, 0x00, 0x3F, 0xF8, 0x00, 0x00, 0x00, 0x0F, 0xFE, 0x00, 0x00, 0x00,
  0x00, 0x00, 0x00, 0x1F, 0xF8, 0x00, 0x00, 0x00, 0x03, 0xFF, 0xFE, 0x00,
  0x00, 0x00, 0x1F, 0xFF, 0xFF, 0x80, 0x00, 0x00, 0xFF, 0xFF, 0xFF, 0x80,
  0x00, 0x03, 0xFF, 0xFF, 0xFF, 0xC0, 0x00, 0x0F, 0xFF, 0xFF, 0xFF, 0xC0,
  0x00, 0x3F, 0xFF, 0xFF, 0xFF, 0xC0, 0x00, 0xFF, 0xFF, 0xFF, 0xFF, 0xC0,
  0x03, 0xFF, 0xFF, 0xFF, 0xFF, 0xC0, 0x0F, 0xFF, 0xF0, 0x3F, 0xFF, 0xC0,
  0x3F, 0xFF, 0x00, 0x1F, 0xFF, 0x80, 0x7F, 0xFC, 0x00, 0x0F, 0xFF, 0x81,
  0xFF, 0xF0, 0x00, 0x0F, 0xFF, 0x03, 0xFF, 0xC0, 0x00, 0x0F, 0xFF, 0x0F,
  0xFF, 0x00, 0x00, 0x1F, 0xFE, 0x1F, 0xFE, 0x00, 0x00, 0x1F, 0xFE, 0x3F,
  0xF8, 0x00, 0x00, 0x3F, 0xFC, 0xFF, 0xF0, 0x00, 0x00, 0x3F, 0xF9, 0xFF,
  0xE0, 0x00, 0x00, 0x7F, 0xFB, 0xFF, 0xC0, 0x00, 0x00, 0xFF, 0xF7, 0xFF,
  0x00, 0x00, 0x01, 0xFF, 0xEF, 0xFE, 0x00, 0x00, 0x03, 0xFF, 0xFF, 0xFC,
  0x00, 0x00, 0x03, 0xFF, 0xFF, 0xF8, 0x00, 0x00, 0x07, 0xFF, 0xFF, 0xF0,
  0x00, 0x00, 0x0F, 0xFF, 0xFF, 0xE0, 0x00, 0x00, 0x1F, 0xFF, 0xFF, 0xC0,
  0x00, 0x00, 0x3F, 0xFF, 0xFF, 0x80, 0x00, 0x00, 0x7F, 0xFF, 0xFF, 0x00,
  0x00, 0x00, 0xFF, 0xFF, 0xFE, 0x00, 0x00, 0x01, 0xFF, 0xFF, 0xFC, 0x00,
  0x00, 0x03, 0xFF, 0xFF, 0xF8, 0x00, 0x00, 0x07, 0xFF, 0xFF, 0xF0, 0x00,
  0x00, 0x0F, 0xFF, 0xFF, 0xE0, 0x00, 0x00, 0x1F, 0xFF, 0xFF, 0xC0, 0x00,
  0x00, 0x3F, 0xFB, 0xFF, 0x80, 0x00, 0x00, 0x7F, 0xF7, 0xFF, 0x00, 0x00,
  0x01, 0xFF, 0xEF, 0xFF, 0x00, 0x00, 0x03, 0xFF, 0xDF, 0xFE, 0x00, 0x00,
  0x07, 0xFF, 0xBF, 0xFC, 0x00, 0x00, 0x0F, 0xFE, 0x3F, 0xF8, 0x00, 0x00,
  0x3F, 0xFC, 0x7F, 0xF8, 0x00, 0x00, 0x7F, 0xF8, 0xFF, 0xF0, 0x00, 0x01,
  0xFF, 0xE0, 0xFF, 0xF0, 0x00, 0x03, 0xFF, 0xC1, 0xFF, 0xF0, 0x00, 0x0F,
  0xFF, 0x01, 0xFF, 0xF0, 0x00, 0x3F, 0xFE, 0x03, 0xFF, 0xF0, 0x01, 0xFF,
  0xF8, 0x03, 0xFF, 0xFC, 0x0F, 0xFF, 0xF0, 0x03, 0xFF, 0xFF, 0xFF, 0xFF,
  0xC0, 0x03, 0xFF, 0xFF, 0xFF, 0xFF, 0x00, 0x03, 0xFF, 0xFF, 0xFF, 0xFC,
  0x00, 0x03, 0xFF, 0xFF, 0xFF, 0xF0, 0x00, 0x03, 0xFF, 0xFF, 0xFF, 0xC0,
  0x00, 0x03, 0xFF, 0xFF, 0xFF, 0xC0, 0x00, 0x01, 0xFF, 0xFF, 0xFF, 0xC0,
  0x00, 0x00, 0xFF, 0xFF, 0xFF, 0xE0, 0x00, 0x00, 0x1F, 0xFF, 0xFF, 0xE0,
  0x00, 0x00, 0x00, 0x0F, 0xFF, 0xE0, 0x00, 0x00, 0x00, 0x0F, 0xFF, 0xE0,
  0x00, 0x00, 0x00, 0x07, 0xFF, 0xF0, 0x00, 0x00, 0x00, 0x07, 0xFF, 0xC0,
  0x00, 0x00, 0x00, 0x07, 0xFF, 0x00, 0x00, 0x00, 0x00, 0x07, 0xFC, 0x00,
  0x00, 0x00, 0x00, 0x03, 0xF0, 0x00, 0x00, 0x00, 0x00, 0x03, 0xC0, 0x00,
  0x00, 0x00, 0x00, 0x02, 0x00, 0xFF, 0xFF, 0xFF, 0xE0, 0x00, 0x1F, 0xFF,
  0xFF, 0xFF, 0xC0, 0x03, 0xFF, 0xFF, 0xFF, 0xFE, 0x00, 0x7F, 0xFF, 0xFF,
  0xFF, 0xF0, 0x0F, 0xFF, 0xFF, 0xFF, 0xFF, 0x01, 0xFF, 0xFF, 0xFF, 0xFF,
  0xF0, 0x3F, 0xFF, 0xFF, 0xFF, 0xFF, 0x07, 0xFF, 0xFF, 0xFF, 0xFF, 0xF0,
  0xFF, 0xFF, 0xFF, 0xFF, 0xFE, 0x1F, 0xFC, 0x00, 0x1F, 0xFF, 0xE3, 0xFF,
  0x80, 0x00, 0x7F, 0xFC, 0x7F, 0xF0, 0x00, 0x07, 0xFF, 0x8F, 0xFE, 0x00,
  0x00, 0xFF, 0xF9, 0xFF, 0xC0, 0x00, 0x0F, 0xFF, 0x3F, 0xF8, 0x00, 0x01,
  0xFF, 0xE7, 0xFF, 0x00, 0x00, 0x1F, 0xFC, 0xFF, 0xE0, 0x00, 0x03, 0xFF,
  0x9F, 0xFC, 0x00, 0x00, 0x7F, 0xF3, 0xFF, 0x80, 0x00, 0x0F, 0xFE, 0x7F,
  0xF0, 0x00, 0x01, 0xFF, 0xCF, 0xFE, 0x00, 0x00, 0x7F, 0xF9, 0xFF, 0xC0,
  0x00, 0x0F, 0xFF, 0x3F, 0xF8, 0x00, 0x03, 0xFF, 0xC7, 0xFF, 0x00, 0x00,
  0x7F, 0xF8, 0xFF, 0xE0, 0x00, 0x1F, 0xFF, 0x1F, 0xFC, 0x00, 0x0F, 0xFF,
  0xC3, 0xFF, 0xFF, 0xFF, 0xFF, 0xF0, 0x7F, 0xFF, 0xFF, 0xFF, 0xFE, 0x0F,
  0xFF, 0xFF, 0xFF, 0xFF, 0x81, 0xFF, 0xFF, 0xFF, 0xFF, 0xE0, 0x3F, 0xFF,
  0xFF, 0xFF, 0xF0, 0x07, 0xFF, 0xFF, 0xFF, 0xFC, 0x00, 0xFF, 0xFF, 0xFF,
  0xFE, 0x00, 0x1F, 0xFF, 0xFF, 0xFF, 0xE0, 0x03, 0xFF, 0xFF, 0xFF, 0xFC,
  0x00, 0x7F, 0xF0, 0x03, 0xFF, 0xC0, 0x0F, 0xFE, 0x00, 0x7F, 0xF8, 0x01,
  0xFF, 0xC0, 0x07, 0xFF, 0x80, 0x3F, 0xF8, 0x00, 0xFF, 0xF8, 0x07, 0xFF,
  0x00, 0x0F, 0xFF, 0x00, 0xFF, 0xE0, 0x01, 0xFF, 0xF0, 0x1F, 0xFC, 0x00,
  0x1F, 0xFE, 0x03, 0xFF, 0x80, 0x03, 0xFF, 0xE0, 0x7F, 0xF0, 0x00, 0x3F,
  0xFC, 0x0F, 0xFE, 0x00, 0x07, 0xFF, 0xC1, 0xFF, 0xC0, 0x00, 0x7F, 0xF8,
  0x3F, 0xF8, 0x00, 0x0F, 0xFF, 0x87, 0xFF, 0x00, 0x00, 0xFF, 0xF0, 0xFF,
  0xE0, 0x00, 0x0F, 0xFF, 0x1F, 0xFC, 0x00, 0x01, 0xFF, 0xE3, 0xFF, 0x80,
  0x00, 0x1F, 0xFE, 0x7F, 0xF0, 0x00, 0x03, 0xFF, 0xEF, 0xFE, 0x00, 0x00,
  0x3F, 0xFD, 0xFF, 0xC0, 0x00, 0x07, 0xFF, 0xFF, 0xF8, 0x00, 0x00, 0x7F,
  0xF8, 0x00, 0x00, 0xFF, 0xE0, 0x00, 0x00, 0x03, 0xFF, 0xFF, 0x80, 0x00,
  0x03, 0xFF, 0xFF, 0xF8, 0x00, 0x03, 0xFF, 0xFF, 0xFF, 0x80, 0x01, 0xFF,
  0xFF, 0xFF, 0xF0, 0x00, 0xFF, 0xFF, 0xFF, 0xFE, 0x00, 0x7F, 0xFF, 0xFF,
  0xFF, 0xC0, 0x3F, 0xFF, 0xFF, 0xFF, 0xF8, 0x1F, 0xFF, 0xFF, 0xFF, 0xFF,
  0x07, 0xFF, 0xE0, 0x0F, 0xFF, 0xC3, 0xFF, 0xE0, 0x00, 0xFF, 0xF8, 0xFF,
  0xF0, 0x00, 0x1F, 0xFE, 0x3F, 0xFC, 0x00, 0x03, 0xFF, 0xDF, 0xFE, 0x00,
  0x00, 0xFF, 0xF7, 0xFF, 0x80, 0x00, 0x1F, 0xFD, 0xFF, 0xE0, 0x00, 0x07,
  0xFF, 0x7F, 0xF8, 0x00, 0x01, 0xFF, 0xDF, 0xFE, 0x00, 0x00, 0x00, 0x03,
  0xFF, 0xC0, 0x00, 0x00, 0x00, 0xFF, 0xF8, 0x00, 0x00, 0x00, 0x3F, 0xFF,
  0x00, 0x00, 0x00, 0x07, 0xFF, 0xF0, 0x00, 0x00, 0x01, 0xFF, 0xFF, 0x00,
  0x00, 0x00, 0x3F, 0xFF, 0xF8, 0x00, 0x00, 0x07, 0xFF, 0xFF, 0xC0, 0x00,
  0x00, 0xFF, 0xFF, 0xFE, 0x00, 0x00, 0x1F, 0xFF, 0xFF, 0xE0, 0x00, 0x03,
  0xFF, 0xFF, 0xFE, 0x00, 0x00, 0x3F, 0xFF, 0xFF, 0xE0, 0x00, 0x03, 0xFF,
  0xFF, 0xFC, 0x00, 0x00, 0x3F, 0xFF, 0xFF, 0x80, 0x00, 0x03, 0xFF, 0xFF,
  0xF0, 0x00, 0x00, 0x1F, 0xFF, 0xFE, 0x00, 0x00, 0x00, 0xFF, 0xFF, 0xC0,
  0x00, 0x00, 0x07, 0xFF, 0xF8, 0x00, 0x00, 0x00, 0x7F, 0xFE, 0x00, 0x00,
  0x00, 0x0F, 0xFF, 0x80, 0x00, 0x00, 0x01, 0xFF, 0xF0, 0x00, 0x00, 0x00,
  0x3F, 0xFF, 0xFF, 0x80, 0x00, 0x07, 0xFF, 0xFF, 0xE0, 0x00, 0x01, 0xFF,
  0xFF, 0xF8, 0x00, 0x00, 0x7F, 0xFF, 0xFF, 0x00, 0x00, 0x1F, 0xFF, 0xFF,
  0xC0, 0x00, 0x07, 0xFF, 0xFF, 0xF8, 0x00, 0x03, 0xFF, 0xDF, 0xFE, 0x00,
  0x00, 0xFF, 0xF7, 0xFF, 0xE0, 0x00, 0x7F, 0xF8, 0xFF, 0xFE, 0x00, 0x7F,
  0xFE, 0x3F, 0xFF, 0xFF, 0xFF, 0xFF, 0x87, 0xFF, 0xFF, 0xFF, 0xFF, 0xC0,
  0xFF, 0xFF, 0xFF, 0xFF, 0xE0, 0x1F, 0xFF, 0xFF, 0xFF, 0xF0, 0x01, 0xFF,
  0xFF, 0xFF, 0xF8, 0x00, 0x3F, 0xFF, 0xFF, 0xFC, 0x00, 0x03, 0xFF, 0xFF,
  0xFC, 0x00, 0x00, 0x1F, 0xFF, 0xFC, 0x00, 0x00, 0x00, 0x7F, 0xF0, 0x00,
  0x00, 0xFF, 0xFF, 0xFF, 0xFF, 0xFF, 0xFF, 0xFF, 0xFF, 0xFF, 0xFF, 0xFF,
  0xFF, 0xFF, 0xFF, 0xFF, 0xFF, 0xFF, 0xFF, 0xFF, 0xFF, 0xFF, 0xFF, 0xFF,
  0xFF, 0xFF, 0xFF, 0xFF, 0xFF, 0xFF, 0xFF, 0xFF, 0xFF, 0xFF, 0xFF, 0xFF,
  0xFF, 0xFF, 0xFF, 0xFF, 0xFF, 0xFF, 0xFF, 0xFF, 0xFF, 0xFF, 0xFF, 0xFF,
  0xFF, 0xFF, 0xFF, 0xF8, 0x00, 0x07, 0xFF, 0x80, 0x00, 0x00, 0x00, 0x3F,
  0xFC, 0x00, 0x00, 0x00, 0x01, 0xFF, 0xE0, 0x00, 0x00, 0x00, 0x0F, 0xFF,
  0x00, 0x00, 0x00, 0x00, 0x7F, 0xF8, 0x00, 0x00, 0x00, 0x03, 0xFF, 0xC0,
  0x00, 0x00, 0x00, 0x1F, 0xFE, 0x00, 0x00, 0x00, 0x00, 0xFF, 0xF0, 0x00,
  0x00, 0x00, 0x07, 0xFF, 0x80, 0x00, 0x00, 0x00, 0x3F, 0xFC, 0x00, 0x00,
  0x00, 0x01, 0xFF, 0xE0, 0x00, 0x00, 0x00, 0x0F, 0xFF, 0x00, 0x00, 0x00,
  0x00, 0x7F, 0xF8, 0x00, 0x00, 0x00, 0x03, 0xFF, 0xC0, 0x00, 0x00, 0x00,
  0x1F, 0xFE, 0x00, 0x00, 0x00, 0x00, 0xFF, 0xF0, 0x00, 0x00, 0x00, 0x07,
  0xFF, 0x80, 0x00, 0x00, 0x00, 0x3F, 0xFC, 0x00, 0x00, 0x00, 0x01, 0xFF,
  0xE0, 0x00, 0x00, 0x00, 0x0F, 0xFF, 0x00, 0x00, 0x00, 0x00, 0x7F, 0xF8,
  0x00, 0x00, 0x00, 0x03, 0xFF, 0xC0, 0x00, 0x00, 0x00, 0x1F, 0xFE, 0x00,
  0x00, 0x00, 0x00, 0xFF, 0xF0, 0x00, 0x00, 0x00, 0x07, 0xFF, 0x80, 0x00,
  0x00, 0x00, 0x3F, 0xFC, 0x00, 0x00, 0x00, 0x01, 0xFF, 0xE0, 0x00, 0x00,
  0x00, 0x0F, 0xFF, 0x00, 0x00, 0x00, 0x00, 0x7F, 0xF8, 0x00, 0x00, 0x00,
  0x03, 0xFF, 0xC0, 0x00, 0x00, 0x00, 0x1F, 0xFE, 0x00, 0x00, 0x00, 0x00,
  0xFF, 0xF0, 0x00, 0x00, 0x00, 0x07, 0xFF, 0x80, 0x00, 0x00, 0x00, 0x3F,
  0xFC, 0x00, 0x00, 0x00, 0x01, 0xFF, 0xE0, 0x00, 0x00, 0x00, 0x0F, 0xFF,
  0x00, 0x00, 0x00, 0x00, 0x7F, 0xF8, 0x00, 0x00, 0x00, 0x03, 0xFF, 0xC0,
  0x00, 0x00, 0x00, 0x1F, 0xFE, 0x00, 0x00, 0x00, 0x00, 0xFF, 0xF0, 0x00,
  0x00, 0x00, 0x07, 0xFF, 0x80, 0x00, 0x00, 0x00, 0x3F, 0xFC, 0x00, 0x00,
  0x00, 0x01, 0xFF, 0xE0, 0x00, 0x00, 0x00, 0x0F, 0xFF, 0x00, 0x00, 0x00,
  0x00, 0x7F, 0xF8, 0x00, 0x00, 0x00, 0x03, 0xFF, 0xC0, 0x00, 0x00, 0xFF,
  0xF0, 0x00, 0x00, 0xFF, 0xFF, 0xFE, 0x00, 0x00, 0x1F, 0xFF, 0xFF, 0xC0,
  0x00, 0x03, 0xFF, 0xFF, 0xF8, 0x00, 0x00, 0x7F, 0xFF, 0xFF, 0x00, 0x00,
  0x0F, 0xFF, 0xFF, 0xE0, 0x00, 0x01, 0xFF, 0xFF, 0xFC, 0x00, 0x00, 0x3F,
  0xFF, 0xFF, 0x80, 0x00, 0x07, 0xFF, 0xFF, 0xF0, 0x00, 0x00, 0xFF, 0xFF,
  0xFE, 0x00, 0x00, 0x1F, 0xFF, 0xFF, 0xC0, 0x00, 0x03, 0xFF, 0xFF, 0xF8,
  0x00, 0x00, 0x7F, 0xFF, 0xFF, 0x00, 0x00, 0x0F, 0xFF, 0xFF, 0xE0, 0x00,
  0x01, 0xFF, 0xFF, 0xFC, 0x00, 0x00, 0x3F, 0xFF, 0xFF, 0x80, 0x00, 0x07,
  0xFF, 0xFF, 0xF0, 0x00, 0x00, 0xFF, 0xFF, 0xFE, 0x00, 0x00, 0x1F, 0xFF,
  0xFF, 0xC0, 0x00, 0x03, 0xFF, 0xFF, 0xF8, 0x00, 0x00, 0x7F, 0xFF, 0xFF,
  0x00, 0x00, 0x0F, 0xFF, 0xFF, 0xE0, 0x00, 0x01, 0xFF, 0xFF, 0xFC, 0x00,
  0x00, 0x3F, 0xFF, 0xFF, 0x80, 0x00, 0x07, 0xFF, 0xFF, 0xF0, 0x00, 0x00,
  0xFF, 0xFF, 0xFE, 0x00, 0x00, 0x1F, 0xFF, 0xFF, 0xC0, 0x00, 0x03, 0xFF,
  0xFF, 0xF8, 0x00, 0x00, 0x7F, 0xFF, 0xFF, 0x00, 0x00, 0x0F, 0xFF, 0xFF,
  0xE0, 0x00, 0x01, 0xFF, 0xFF, 0xFC, 0x00, 0x00, 0x3F, 0xFF, 0xFF, 0x80,
  0x00, 0x07, 0xFF, 0xFF, 0xF0, 0x00, 0x00, 0xFF, 0xFF, 0xFE, 0x00, 0x00,
  0x1F, 0xFF, 0xFF, 0xC0, 0x00, 0x03, 0xFF, 0xFF, 0xF8, 0x00, 0x00, 0x7F,
  0xFF, 0xFF, 0x00, 0x00, 0x0F, 0xFF, 0xFF, 0xE0, 0x00, 0x01, 0xFF, 0xDF,
  0xFC, 0x00, 0x00, 0x7F, 0xFB, 0xFF, 0x80, 0x00, 0x0F, 0xFF, 0x7F, 0xF0,
  0x00, 0x01, 0xFF, 0xEF, 0xFF, 0x00, 0x00, 0x3F, 0xF9, 0xFF, 0xE0, 0x00,
  0x0F, 0xFF, 0x3F, 0xFE, 0x00, 0x01, 0xFF, 0xE3, 0xFF, 0xC0, 0x00, 0x7F,
  0xFC, 0x7F, 0xFE, 0x00, 0x1F, 0xFF, 0x07, 0xFF, 0xF0, 0x0F, 0xFF, 0xE0,
  0xFF, 0xFF, 0xFF, 0xFF, 0xF8, 0x0F, 0xFF, 0xFF, 0xFF, 0xFE, 0x00, 0xFF,
  0xFF, 0xFF, 0xFF, 0xC0, 0x0F, 0xFF, 0xFF, 0xFF, 0xF0, 0x00, 0xFF, 0xFF,
  0xFF, 0xFC, 0x00, 0x0F, 0xFF, 0xFF, 0xFE, 0x00, 0x00, 0x7F, 0xFF, 0xFF,
  0x00, 0x00, 0x03, 0xFF, 0xFF, 0x80, 0x00, 0x00, 0x07, 0xFF, 0x00, 0x00,
  0xFF, 0xF8, 0x00, 0x00, 0x03, 0xFF, 0xEF, 0xFF, 0x00, 0x00, 0x00, 0x7F,
  0xF9, 0xFF, 0xF0, 0x00, 0x00, 0x1F, 0xFF, 0x3F, 0xFE, 0x00, 0x00, 0x03,
  0xFF, 0xE3, 0xFF, 0xC0, 0x00, 0x00, 0x7F, 0xF8, 0x7F, 0xFC, 0x00, 0x00,
  0x1F, 0xFF, 0x07, 0xFF, 0x80, 0x00, 0x03, 0xFF, 0xC0, 0xFF, 0xF0, 0x00,
  0x00, 0x7F, 0xF8, 0x1F, 0xFE, 0x00, 0x00, 0x1F, 0xFF, 0x01, 0xFF, 0xE0,
  0x00, 0x03, 0xFF, 0xC0, 0x3F, 0xFC, 0x00, 0x00, 0x7F, 0xF8, 0x07, 0xFF,
  0x80, 0x00, 0x0F, 0xFF, 0x00, 0x7F, 0xF8, 0x00, 0x03, 0xFF, 0xC0, 0x0F,
  0xFF, 0x00, 0x00, 0x7F, 0xF8, 0x01, 0xFF, 0xE0, 0x00, 0x0F, 0xFF, 0x00,
  0x1F, 0xFE, 0x00, 0x03, 0xFF, 0xC0, 0x03, 0xFF, 0xC0, 0x00, 0x7F, 0xF8,
  0x00, 0x7F, 0xF8, 0x00, 0x0F, 0xFF, 0x00, 0x07, 0xFF, 0x00, 0x03, 0xFF,
  0xC0, 0x00, 0xFF, 0xF0, 0x00, 0x7F, 0xF8, 0x00, 0x1F, 0xFE, 0x00, 0x0F,
  0xFF, 0x00, 0x01, 0xFF, 0xC0, 0x01, 0xFF, 0xC0, 0x00, 0x3F, 0xFC, 0x00,
  0x7F, 0xF8, 0x00, 0x07, 0xFF, 0x80, 0x0F, 0xFF, 0x00, 0x00, 0x7F, 0xF0,
  0x01, 0xFF, 0xC0, 0x00, 0x0F, 0xFF, 0x00, 0x7F, 0xF8, 0x00, 0x00, 0xFF,
  0xE0, 0x0F, 0xFE, 0x00, 0x00, 0x1F, 0xFC, 0x01, 0xFF, 0xC0, 0x00, 0x03,
  0xFF, 0x80, 0x7F, 0xF8, 0x00, 0x00, 0x3F, 0xF8, 0x0F, 0xFE, 0x00, 0x00,
  0x07, 0xFF, 0x01, 0xFF, 0xC0, 0x00, 0x00, 0xFF, 0xE0, 0x3F, 0xF8, 0x00,
  0x00, 0x0F, 0xFE, 0x0F, 0xFE, 0x00, 0x00, 0x01, 0xFF, 0xC1, 0xFF, 0xC0,
  0x00, 0x00, 0x3F, 0xF8, 0x3F, 0xF8, 0x00, 0x00, 0x03, 0xFF, 0x8F, 0xFE,
  0x00, 0x00, 0x00, 0x7F, 0xF1, 0xFF, 0xC0, 0x00, 0x00, 0x0F, 0xFE, 0x3F,
  0xF8, 0x00, 0x00, 0x00, 0xFF, 0xCF, 0xFE, 0x00, 0x00, 0x00, 0x1F, 0xFD,
  0xFF, 0xC0, 0x00, 0x00, 0x03, 0xFF, 0xBF, 0xF8, 0x00, 0x00, 0x00, 0x3F,
  0xF7, 0xFE, 0x00, 0x00, 0x00, 0x07, 0xFF, 0xFF, 0xC0, 0x00, 0x00, 0x00,
  0xFF, 0xFF, 0xF0, 0x00, 0x00, 0x00, 0x0F, 0xFF, 0xFE, 0x00, 0x00, 0x00,
  0x01, 0xFF, 0xFF, 0xC0, 0x00, 0x00, 0x00, 0x3F, 0xFF, 0xF0, 0x00, 0x00,
  0x00, 0x03, 0xFF, 0xFE, 0x00, 0x00, 0x00, 0x00, 0x7F, 0xFF, 0xC0, 0x00,
  0x00, 0x00, 0x07, 0xFF, 0xF0, 0x00, 0x00, 0x00, 0x00, 0xFF, 0xFE, 0x00,
  0x00, 0x00, 0x00, 0x1F, 0xFF, 0xC0, 0x00, 0x00, 0x00, 0x01, 0xFF, 0xF0,
  0x00, 0x00, 0x00, 0x00, 0x3F, 0xFE, 0x00, 0x00, 0x00, 0x00, 0x07, 0xFF,
  0xC0, 0x00, 0x00, 0xFF, 0xF0, 0x00, 0x0F, 0xFC, 0x00, 0x01, 0xFF, 0xDF,
  0xFC, 0x00, 0x03, 0xFF, 0x00, 0x00, 0xFF, 0xF7, 0xFF, 0x00, 0x00, 0xFF,
  0xE0, 0x00, 0x3F, 0xF9, 0xFF, 0xC0, 0x00, 0x3F, 0xF8, 0x00, 0x0F, 0xFE,
  0x7F, 0xF8, 0x00, 0x1F, 0xFE, 0x00, 0x03, 0xFF, 0x8F, 0xFE, 0x00, 0x07,
  0xFF, 0x80, 0x00, 0xFF, 0xE3, 0xFF, 0x80, 0x01, 0xFF, 0xF0, 0x00, 0x7F,
  0xF8, 0xFF, 0xE0, 0x00, 0x7F, 0xFC, 0x00, 0x1F, 0xFC, 0x3F, 0xF8, 0x00,
  0x3F, 0xFF, 0x00, 0x07, 0xFF, 0x0F, 0xFF, 0x00, 0x0F, 0xFF, 0xC0, 0x01,
  0xFF, 0xC1, 0xFF, 0xC0, 0x03, 0xFF, 0xF8, 0x00, 0x7F, 0xF0, 0x7F, 0xF0,
  0x00, 0xFF, 0xFE, 0x00, 0x3F, 0xF8, 0x1F, 0xFC, 0x00, 0x7F, 0xFF, 0x80,
  0x0F, 0xFE, 0x07, 0xFF, 0x00, 0x1F, 0xFF, 0xE0, 0x03, 0xFF, 0x80, 0xFF,
  0xC0, 0x07, 0xFF, 0xF8, 0x00, 0xFF, 0xE0, 0x3F, 0xF8, 0x01, 0xFF, 0xFF,
  0x00, 0x3F, 0xF8, 0x0F, 0xFE, 0x00, 0xFF, 0xFF, 0xC0, 0x1F, 0xFC, 0x03,
  0xFF, 0x80, 0x3F, 0xFF, 0xF0, 0x07, 0xFF, 0x00, 0xFF, 0xE0, 0x0F, 0xFF,
  0xFC, 0x01, 0xFF, 0xC0, 0x1F, 0xF8, 0x03, 0xFF, 0xFF, 0x80, 0x7F, 0xF0,
  0x07, 0xFF, 0x01, 0xFF, 0xBF, 0xE0, 0x1F, 0xF8, 0x01, 0xFF, 0xC0, 0x7F,
  0xEF, 0xF8, 0x0F, 0xFE, 0x00, 0x7F, 0xF0, 0x1F, 0xF3, 0xFE, 0x03, 0xFF,
  0x80, 0x0F, 0xFC, 0x07, 0xFC, 0xFF, 0xC0, 0xFF, 0xE0, 0x03, 0xFF, 0x03,
  0xFF, 0x1F, 0xF0, 0x3F, 0xF8, 0x00, 0xFF, 0xE0, 0xFF, 0xC7, 0xFC, 0x0F,
  0xFC, 0x00, 0x3F, 0xF8, 0x3F, 0xE1, 0xFF, 0x07, 0xFF, 0x00, 0x0F, 0xFE,
  0x0F, 0xF8, 0x7F, 0xE1, 0xFF, 0xC0, 0x01, 0xFF, 0x83, 0xFE, 0x0F, 0xF8,
  0x7F, 0xF0, 0x00, 0x7F, 0xE1, 0xFF, 0x83, 0xFE, 0x1F, 0xF8, 0x00, 0x1F,
  0xFC, 0x7F, 0xC0, 0xFF, 0x87, 0xFE, 0x00, 0x07, 0xFF, 0x1F, 0xF0, 0x3F,
  0xF3, 0xFF, 0x80, 0x00, 0xFF, 0xC7, 0xFC, 0x07, 0xFC, 0xFF, 0xE0, 0x00,
  0x3F, 0xF3, 0xFF, 0x01, 0xFF, 0x3F, 0xF8, 0x00, 0x0F, 0xFC, 0xFF, 0x80,
  0x7F, 0xCF, 0xFC, 0x00, 0x03, 0xFF, 0xBF, 0xE0, 0x1F, 0xFB, 0xFF, 0x00,
  0x00, 0x7F, 0xEF, 0xF8, 0x03, 0xFE, 0xFF, 0xC0, 0x00, 0x1F, 0xFF, 0xFE,
  0x00, 0xFF, 0xFF, 0xF0, 0x00, 0x07, 0xFF, 0xFF, 0x00, 0x3F, 0xFF, 0xF8,
  0x00, 0x01, 0xFF, 0xFF, 0xC0, 0x0F, 0xFF, 0xFE, 0x00, 0x00, 0x7F, 0xFF,
  0xF0, 0x01, 0xFF, 0xFF, 0x80, 0x00, 0x0F, 0xFF, 0xFC, 0x00, 0x7F, 0xFF,
  0xE0, 0x00, 0x03, 0xFF, 0xFE, 0x00, 0x1F, 0xFF, 0xF8, 0x00, 0x00, 0xFF,
  0xFF, 0x80, 0x07, 0xFF, 0xFC, 0x00, 0x00, 0x3F, 0xFF, 0xE0, 0x00, 0xFF,
  0xFF, 0x00, 0x00, 0x07, 0xFF, 0xF8, 0x00, 0x3F, 0xFF, 0xC0, 0x00, 0x01,
  0xFF, 0xFC, 0x00, 0x0F, 0xFF, 0xF0, 0x00, 0x00, 0x7F, 0xFF, 0x00, 0x03,
  0xFF, 0xF8, 0x00, 0x00, 0x1F, 0xFF, 0xC0, 0x00, 0x7F, 0xFE, 0x00, 0x00,
  0x07, 0xFF, 0xF0, 0x00, 0x1F, 0xFF, 0x80, 0x00, 0x00, 0xFF, 0xF8, 0x00,
  0x07, 0xFF, 0xE0, 0x00, 0x00, 0x3F, 0xFE, 0x00, 0x01, 0xFF, 0xF8, 0x00,
  0x00, 0x0F, 0xFF, 0x80, 0x00, 0x3F, 0xFC, 0x00, 0x00, 0x03, 0xFF, 0xE0,
  0x00, 0x0F, 0xFF, 0x00, 0x00, 0x00, 0x7F, 0xF0, 0x00, 0x03, 0xFF, 0xC0,
  0x00, 0x7F, 0xFC, 0x00, 0x00, 0x3F, 0xFE, 0x7F, 0xFC, 0x00, 0x00, 0x7F,
  0xFC, 0x3F, 0xFE, 0x00, 0x00, 0x7F, 0xFC, 0x3F, 0xFE, 0x00, 0x00, 0xFF,
  0xF8, 0x1F, 0xFF, 0x00, 0x00, 0xFF, 0xF8, 0x1F, 0xFF, 0x00, 0x01, 0xFF,
  0xF0, 0x0F, 0xFF, 0x80, 0x01, 0xFF, 0xE0, 0x07, 0xFF, 0x80, 0x03, 0xFF,
  0xE0, 0x07, 0xFF, 0xC0, 0x03, 0xFF, 0xC0, 0x03, 0xFF, 0xE0, 0x07, 0xFF,
  0xC0, 0x03, 0xFF, 0xE0, 0x07, 0xFF, 0x80, 0x01, 0xFF, 0xF0, 0x0F, 0xFF,
  0x80, 0x00, 0xFF, 0xF0, 0x1F, 0xFF, 0x00, 0x00, 0xFF, 0xF8, 0x1F, 0xFE,
  0x00, 0x00, 0x7F, 0xF8, 0x3F, 0xFE, 0x00, 0x00, 0x7F, 0xFC, 0x3F, 0xFC,
  0x00, 0x00, 0x3F, 0xFC, 0x7F, 0xFC, 0x00, 0x00, 0x1F, 0xFE, 0x7F, 0xF8,
  0x00, 0x00, 0x1F, 0xFE, 0xFF, 0xF0, 0x00, 0x00, 0x0F, 0xFF, 0xFF, 0xF0,
  0x00, 0x00, 0x0F, 0xFF, 0xFF, 0xE0, 0x00, 0x00, 0x07, 0xFF, 0xFF, 0xE0,
  0x00, 0x00, 0x03, 0xFF, 0xFF, 0xC0, 0x00, 0x00, 0x03, 0xFF, 0xFF, 0x80,
  0x00, 0x00, 0x01, 0xFF, 0xFF, 0x80, 0x00, 0x00, 0x01, 0xFF, 0xFF, 0x00,
  0x00, 0x00, 0x00, 0xFF, 0xFF, 0x00, 0x00, 0x00, 0x00, 0xFF, 0xFE, 0x00,
  0x00, 0x00, 0x00, 0xFF, 0xFF, 0x00, 0x00, 0x00, 0x01, 0xFF, 0xFF, 0x80,
  0x00, 0x00, 0x03, 0xFF, 0xFF, 0x80, 0x00, 0x00, 0x03, 0xFF, 0xFF, 0xC0,
  0x00, 0x00, 0x07, 0xFF, 0xFF, 0xC0, 0x00, 0x00, 0x07, 0xFF, 0xFF, 0xE0,
  0x00, 0x00, 0x0F, 0xFF, 0xFF, 0xF0, 0x00, 0x00, 0x1F, 0xFF, 0xFF, 0xF0,
  0x00, 0x00, 0x1F, 0xFE, 0xFF, 0xF8, 0x00, 0x00, 0x3F, 0xFE, 0x7F, 0xF8,
  0x00, 0x00, 0x3F, 0xFC, 0x7F, 0xFC, 0x00, 0x00, 0x7F, 0xFC, 0x3F, 0xFC,
  0x00, 0x00, 0xFF, 0xF8, 0x1F, 0xFE, 0x00, 0x00, 0xFF, 0xF0, 0x1F, 0xFF,
  0x00, 0x01, 0xFF, 0xF0, 0x0F, 0xFF, 0x00, 0x01, 0xFF, 0xE0, 0x0F, 0xFF,
  0x80, 0x03, 0xFF, 0xE0, 0x07, 0xFF, 0x80, 0x07, 0xFF, 0xC0, 0x07, 0xFF,
  0xC0, 0x07, 0xFF, 0xC0, 0x03, 0xFF, 0xE0, 0x0F, 0xFF, 0x80, 0x03, 0xFF,
  0xE0, 0x0F, 0xFF, 0x80, 0x01, 0xFF, 0xF0, 0x1F, 0xFF, 0x00, 0x00, 0xFF,
  0xF0, 0x3F, 0xFF, 0x00, 0x00, 0xFF, 0xF8, 0x3F, 0xFE, 0x00, 0x00, 0x7F,
  0xFC, 0x7F, 0xFC, 0x00, 0x00, 0x7F, 0xFC, 0x7F, 0xFC, 0x00, 0x00, 0x3F,
  0xFE, 0xFF, 0xF8, 0x00, 0x00, 0x3F, 0xFE, 0xFF, 0xF8, 0x00, 0x00, 0x1F,
  0xFF, 0x7F, 0xF8, 0x00, 0x00, 0x1F, 0xFE, 0x7F, 0xFC, 0x00, 0x00, 0x1F,
  0xFE, 0x3F, 0xFC, 0x00, 0x00, 0x3F, 0xFC, 0x3F, 0xFE, 0x00, 0x00, 0x3F,
  0xFC, 0x1F, 0xFE, 0x00, 0x00, 0x7F, 0xF8, 0x1F, 0xFF, 0x00, 0x00, 0x7F,
  0xF8, 0x0F, 0xFF, 0x00, 0x00, 0xFF, 0xF0, 0x07, 0xFF, 0x00, 0x00, 0xFF,
  0xF0, 0x07, 0xFF, 0x80, 0x01, 0xFF, 0xE0, 0x03, 0xFF, 0x80, 0x01, 0xFF,
  0xE0, 0x03, 0xFF, 0xC0, 0x03, 0xFF, 0xC0, 0x01, 0xFF, 0xC0, 0x03, 0xFF,
  0xC0, 0x01, 0xFF, 0xE0, 0x07, 0xFF, 0x80, 0x00, 0xFF, 0xE0, 0x07, 0xFF,
  0x80, 0x00, 0xFF, 0xF0, 0x07, 0xFF, 0x00, 0x00, 0x7F, 0xF0, 0x0F, 0xFF,
  0x00, 0x00, 0x7F, 0xF8, 0x0F, 0xFE, 0x00, 0x00, 0x3F, 0xF8, 0x1F, 0xFE,
  0x00, 0x00, 0x3F, 0xFC, 0x1F, 0xFC, 0x00, 0x00, 0x1F, 0xFC, 0x3F, 0xF8,
  0x00, 0x00, 0x1F, 0xFC, 0x3F, 0xF8, 0x00, 0x00, 0x0F, 0xFE, 0x7F, 0xF0,
  0x00, 0x00, 0x0F, 0xFE, 0x7F, 0xF0, 0x00, 0x00, 0x07, 0xFF, 0xFF, 0xE0,
  0x00, 0x00, 0x07, 0xFF, 0xFF, 0xE0, 0x00, 0x00, 0x03, 0xFF, 0xFF, 0xC0,
  0x00, 0x00, 0x03, 0xFF, 0xFF, 0xC0, 0x00, 0x00, 0x01, 0xFF, 0xFF, 0x80,
  0x00, 0x00, 0x01, 0xFF, 0xFF, 0x80, 0x00, 0x00, 0x00, 0xFF, 0xFF, 0x00,
  0x00, 0x00, 0x00, 0x7F, 0xFF, 0x00, 0x00, 0x00, 0x00, 0x7F, 0xFE, 0x00,
  0x00, 0x00, 0x00, 0x3F, 0xFE, 0x00, 0x00, 0x00, 0x00, 0x3F, 0xFC, 0x00,
  0x00, 0x00, 0x00, 0x3F, 0xFC, 0x00, 0x00, 0x00, 0x00, 0x3F, 0xFC, 0x00,
  0x00, 0x00, 0x00, 0x3F, 0xFC, 0x00, 0x00, 0x00, 0x00, 0x3F, 0xFC, 0x00,
  0x00, 0x00, 0x00, 0x3F, 0xFC, 0x00, 0x00, 0x00, 0x00, 0x3F, 0xFC, 0x00,
  0x00, 0x00, 0x00, 0x3F, 0xFC, 0x00, 0x00, 0x00, 0x00, 0x3F, 0xFC, 0x00,
  0x00, 0x00, 0x00, 0x3F, 0xFC, 0x00, 0x00, 0x00, 0x00, 0x3F, 0xFC, 0x00,
  0x00, 0x00, 0x00, 0x3F, 0xFC, 0x00, 0x00, 0x00, 0x00, 0x3F, 0xFC, 0x00,
  0x00, 0x00, 0x00, 0x3F, 0xFC, 0x00, 0x00, 0x00, 0x00, 0x3F, 0xFC, 0x00,
  0x00, 0x00, 0x00, 0x3F, 0xFC, 0x00, 0x00, 0x00, 0x00, 0x3F, 0xFC, 0x00,
  0x00, 0x00, 0x00, 0x3F, 0xFC, 0x00, 0x00, 0x00, 0x00, 0x3F, 0xFC, 0x00,
  0x00, 0x00, 0x00, 0x3F, 0xFC, 0x00, 0x00, 0x00, 0x00, 0x3F, 0xFC, 0x00,
  0x00, 0xFF, 0xFF, 0xFF, 0xFF, 0xFF, 0xBF, 0xFF, 0xFF, 0xFF, 0xFF, 0xEF,
  0xFF, 0xFF, 0xFF, 0xFF, 0xFB, 0xFF, 0xFF, 0xFF, 0xFF, 0xFE, 0xFF, 0xFF,
  0xFF, 0xFF, 0xFF, 0xBF, 0xFF, 0xFF, 0xFF, 0xFF, 0xEF, 0xFF, 0xFF, 0xFF,
  0xFF, 0xFB, 0xFF, 0xFF, 0xFF, 0xFF, 0xFE, 0xFF, 0xFF, 0xFF, 0xFF, 0xFF,
  0x00, 0x00, 0x00, 0x07, 0xFF, 0x80, 0x00, 0x00, 0x03, 0xFF, 0xE0, 0x00,
  0x00, 0x00, 0xFF, 0xF0, 0x00, 0x00, 0x00, 0x7F, 0xF8, 0x00, 0x00, 0x00,
  0x3F, 0xFE, 0x00, 0x00, 0x00, 0x0F, 0xFF, 0x00, 0x00, 0x00, 0x07, 0xFF,
  0x80, 0x00, 0x00, 0x03, 0xFF, 0xC0, 0x00, 0x00, 0x01, 0xFF, 0xF0, 0x00,
  0x00, 0x00, 0x7F, 0xF8, 0x00, 0x00, 0x00, 0x3F, 0xFC, 0x00, 0x00, 0x00,
  0x1F, 0xFF, 0x00, 0x00, 0x00, 0x07, 0xFF, 0x80, 0x00, 0x00, 0x03, 0xFF,
  0xC0, 0x00, 0x00, 0x01, 0xFF, 0xF0, 0x00, 0x00, 0x00, 0x7F, 0xF8, 0x00,
  0x00, 0x00, 0x3F, 0xFC, 0x00, 0x00, 0x00, 0x1F, 0xFF, 0x00, 0x00, 0x00,
  0x0F, 0xFF, 0x80, 0x00, 0x00, 0x03, 0xFF, 0xC0, 0x00, 0x00, 0x01, 0xFF,
  0xE0, 0x00, 0x00, 0x00, 0xFF, 0xF8, 0x00, 0x00, 0x00, 0x3F, 0xFC, 0x00,
  0x00, 0x00, 0x1F, 0xFE, 0x00, 0x00, 0x00, 0x0F, 0xFF, 0x80, 0x00, 0x00,
  0x03, 0xFF, 0xC0, 0x00, 0x00, 0x01, 0xFF, 0xE0, 0x00, 0x00, 0x00, 0xFF,
  0xF8, 0x00, 0x00, 0x00, 0x7F, 0xFC, 0x00, 0x00, 0x00, 0x1F, 0xFE, 0x00,
  0x00, 0x00, 0x0F, 0xFF, 0x80, 0x00, 0x00, 0x07, 0xFF, 0xC0, 0x00, 0x00,
  0x01, 0xFF, 0xE0, 0x00, 0x00, 0x00, 0xFF, 0xF0, 0x00, 0x00, 0x00, 0x7F,
  0xFC, 0x00, 0x00, 0x00, 0x1F, 0xFE, 0x00, 0x00, 0x00, 0x0F, 0xFF, 0x00,
  0x00, 0x00, 0x07, 0xFF, 0xFF, 0xFF, 0xFF, 0xFF, 0xFF, 0xFF, 0xFF, 0xFF,
  0xFF, 0xFF, 0xFF, 0xFF, 0xFF, 0xFF, 0xFF, 0xFF, 0xFF, 0xFF, 0xFF, 0xFF,
  0xFF, 0xFF, 0xFF, 0xFF, 0xFF, 0xFF, 0xFF, 0xFF, 0xFF, 0xFF, 0xFF, 0xFF,
  0xFF, 0xFF, 0xFF, 0xFF, 0xFF, 0xFF, 0xFF, 0xFF, 0xFF, 0xFF, 0xFF, 0xFF,
  0xFF, 0xFC, 0xFF, 0xFF, 0xFF, 0xFF, 0xFF, 0xFF, 0xFF, 0xFF, 0xFF, 0xFF,
  0xFF, 0xFF, 0xFF, 0xFF, 0xFF, 0xFF, 0xFF, 0xE0, 0xFF, 0xE0, 0xFF, 0xE0,
  0xFF, 0xE0, 0xFF, 0xE0, 0xFF, 0xE0, 0xFF, 0xE0, 0xFF, 0xE0, 0xFF, 0xE0,
  0xFF, 0xE0, 0xFF, 0xE0, 0xFF, 0xE0, 0xFF, 0xE0, 0xFF, 0xE0, 0xFF, 0xE0,
  0xFF, 0xE0, 0xFF, 0xE0, 0xFF, 0xE0, 0xFF, 0xE0, 0xFF, 0xE0, 0xFF, 0xE0,
  0xFF, 0xE0, 0xFF, 0xE0, 0xFF, 0xE0, 0xFF, 0xE0, 0xFF, 0xE0, 0xFF, 0xE0,
  0xFF, 0xE0, 0xFF, 0xE0, 0xFF, 0xE0, 0xFF, 0xE0, 0xFF, 0xE0, 0xFF, 0xE0,
  0xFF, 0xE0, 0xFF, 0xE0, 0xFF, 0xE0, 0xFF, 0xE0, 0xFF, 0xE0, 0xFF, 0xE0,
  0xFF, 0xE0, 0xFF, 0xE0, 0xFF, 0xE0, 0xFF, 0xE0, 0xFF, 0xE0, 0xFF, 0xE0,
  0xFF, 0xE0, 0xFF, 0xE0, 0xFF, 0xE0, 0xFF, 0xE0, 0xFF, 0xE0, 0xFF, 0xE0,
  0xFF, 0xE0, 0xFF, 0xE0, 0xFF, 0xE0, 0xFF, 0xE0, 0xFF, 0xE0, 0xFF, 0xE0,
  0xFF, 0xE0, 0xFF, 0xE0, 0xFF, 0xE0, 0xFF, 0xE0, 0xFF, 0xFF, 0xFF, 0xFF,
  0xFF, 0xFF, 0xFF, 0xFF, 0xFF, 0xFF, 0xFF, 0xFF, 0xFF, 0xFF, 0xFF, 0xFF,
  0xFF, 0xE0, 0x00, 0x00, 0x1F, 0xFC, 0x00, 0x00, 0x07, 0xFF, 0x00, 0x00,
  0x01, 0xFF, 0xE0, 0x00, 0x00, 0x3F, 0xF8, 0x00, 0x00, 0x0F, 0xFE, 0x00,
  0x00, 0x03, 0xFF, 0xC0, 0x00, 0x00, 0x7F, 0xF0, 0x00, 0x00, 0x1F, 0xFE,
  0x00, 0x00, 0x03, 0xFF, 0x80, 0x00, 0x00, 0xFF, 0xE0, 0x00, 0x00, 0x3F,
  0xFC, 0x00, 0x00, 0x07, 0xFF, 0x00, 0x00, 0x01, 0xFF, 0xC0, 0x00, 0x00,
  0x3F, 0xF8, 0x00, 0x00, 0x0F, 0xFE, 0x00, 0x00, 0x03, 0xFF, 0xC0, 0x00,
  0x00, 0x7F, 0xF0, 0x00, 0x00, 0x1F, 0xFC, 0x00, 0x00, 0x07, 0xFF, 0x80,
  0x00, 0x00, 0xFF, 0xE0, 0x00, 0x00, 0x3F, 0xFC, 0x00, 0x00, 0x07, 0xFF,
  0x00, 0x00, 0x01, 0xFF, 0xC0, 0x00, 0x00, 0x7F, 0xF8, 0x00, 0x00, 0x0F,
  0xFE, 0x00, 0x00, 0x03, 0xFF, 0x80, 0x00, 0x00, 0x7F, 0xF0, 0x00, 0x00,
  0x1F, 0xFC, 0x00, 0x00, 0x07, 0xFF, 0x80, 0x00, 0x00, 0xFF, 0xE0, 0x00,
  0x00, 0x3F, 0xF8, 0x00, 0x00, 0x0F, 0xFF, 0x00, 0x00, 0x01, 0xFF, 0xC0,
  0x00, 0x00, 0x7F, 0xF8, 0x00, 0x00, 0x0F, 0xFE, 0x00, 0x00, 0x03, 0xFF,
  0x80, 0x00, 0x00, 0xFF, 0xF0, 0x00, 0x00, 0x1F, 0xFC, 0x00, 0x00, 0x07,
  0xFF, 0x00, 0x00, 0x00, 0xFF, 0xE0, 0x00, 0x00, 0x3F, 0xF8, 0x00, 0x00,
  0x0F, 0xFF, 0x00, 0x00, 0x01, 0xFF, 0xC0, 0x00, 0x00, 0x7F, 0xF0, 0x00,
  0x00, 0x1F, 0xFE, 0x00, 0x00, 0x03, 0xFF, 0x80, 0x00, 0x00, 0xFF, 0xF0,
  0x00, 0x00, 0x1F, 0xFC, 0x00, 0x00, 0x07, 0xFF, 0x00, 0x00, 0x01, 0xFF,
  0xE0, 0x00, 0x00, 0x3F, 0xF8, 0x00, 0x00, 0x0F, 0xFF, 0x00, 0x00, 0x01,
  0xFF, 0xC0, 0x00, 0x00, 0x7F, 0xF0, 0x00, 0x00, 0x1F, 0xFE, 0x00, 0x00,
  0x03, 0xFF, 0x80, 0x00, 0x00, 0xFF, 0xE0, 0x00, 0x00, 0x3F, 0xFC, 0x00,
  0x00, 0x07, 0xFF, 0xFF, 0xFF, 0xFF, 0xFF, 0xFF, 0xFF, 0xFF, 0xFF, 0xFF,
  0xFF, 0xFF, 0xFF, 0xFF, 0xFF, 0xFF, 0xFF, 0xFF, 0x03, 0xFF, 0x81, 0xFF,
  0xC0, 0xFF, 0xE0, 0x7F, 0xF0, 0x3F, 0xF8, 0x1F, 0xFC, 0x0F, 0xFE, 0x07,
  0xFF, 0x03, 0xFF, 0x81, 0xFF, 0xC0, 0xFF, 0xE0, 0x7F, 0xF0, 0x3F, 0xF8,
  0x1F, 0xFC, 0x0F, 0xFE, 0x07, 0xFF, 0x03, 0xFF, 0x81, 0xFF, 0xC0, 0xFF,
  0xE0, 0x7F, 0xF0, 0x3F, 0xF8, 0x1F, 0xFC, 0x0F, 0xFE, 0x07, 0xFF, 0x03,
  0xFF, 0x81, 0xFF, 0xC0, 0xFF, 0xE0, 0x7F, 0xF0, 0x3F, 0xF8, 0x1F, 0xFC,
  0x0F, 0xFE, 0x07, 0xFF, 0x03, 0xFF, 0x81, 0xFF, 0xC0, 0xFF, 0xE0, 0x7F,
  0xF0, 0x3F, 0xF8, 0x1F, 0xFC, 0x0F, 0xFE, 0x07, 0xFF, 0x03, 0xFF, 0x81,
  0xFF, 0xC0, 0xFF, 0xE0, 0x7F, 0xF0, 0x3F, 0xF8, 0x1F, 0xFC, 0x0F, 0xFE,
  0x07, 0xFF, 0x03, 0xFF, 0x81, 0xFF, 0xC0, 0xFF, 0xE0, 0x7F, 0xF0, 0x3F,
  0xF8, 0x1F, 0xFC, 0x0F, 0xFE, 0x07, 0xFF, 0x03, 0xFF, 0x81, 0xFF, 0xC0,
  0xFF, 0xE0, 0x7F, 0xF0, 0x3F, 0xFF, 0xFF, 0xFF, 0xFF, 0xFF, 0xFF, 0xFF,
  0xFF, 0xFF, 0xFF, 0xFF, 0xFF, 0xFF, 0xFF, 0xFF, 0xFF, 0xFF, 0xF8, 0x00,
  0x1F, 0xE0, 0x00, 0x00, 0xFF, 0xC0, 0x00, 0x03, 0xFF, 0x00, 0x00, 0x0F,
  0xFE, 0x00, 0x00, 0x7F, 0xF8, 0x00, 0x01, 0xFF, 0xE0, 0x00, 0x0F, 0xFF,
  0xC0, 0x00, 0x3F, 0xFF, 0x00, 0x00, 0xFF, 0xFE, 0x00, 0x07, 0xFF, 0xF8,
  0x00, 0x1F, 0xFF, 0xE0, 0x00, 0xFF, 0xBF, 0xC0, 0x03, 0xFC, 0xFF, 0x00,
  0x0F, 0xF3, 0xFE, 0x00, 0x7F, 0xC7, 0xF8, 0x01, 0xFE, 0x1F, 0xE0, 0x0F,
  0xF8, 0x7F, 0xC0, 0x3F, 0xC0, 0xFF, 0x00, 0xFF, 0x03, 0xFE, 0x07, 0xFC,
  0x07, 0xF8, 0x1F, 0xE0, 0x1F, 0xE0, 0xFF, 0x80, 0x7F, 0xC3, 0xFC, 0x00,
  0xFF, 0x0F, 0xF0, 0x03, 0xFE, 0x7F, 0xC0, 0x07, 0xF9, 0xFE, 0x00, 0x1F,
  0xEF, 0xF8, 0x00, 0x7F, 0xFF, 0xE0, 0x00, 0xFF, 0xFF, 0xFF, 0xFF, 0xFF,
  0xFF, 0xFF, 0xFF, 0xFF, 0xFF, 0xFF, 0xFF, 0xFF, 0xFF, 0xFF, 0xFF, 0xFF,
  0xFF, 0xFF, 0xFF, 0xFF, 0xFF, 0xFF, 0xFF, 0xFF, 0xFF, 0xFF, 0xFF, 0xFF,
  0xFF, 0xFF, 0xFF, 0xFF, 0xFF, 0xFF, 0xFF, 0x7F, 0xF0, 0x07, 0xFF, 0x80,
  0x3F, 0xFC, 0x01, 0xFF, 0xC0, 0x0F, 0xFE, 0x00, 0x7F, 0xF0, 0x03, 0xFF,
  0x00, 0x1F, 0xF8, 0x00, 0xFF, 0x80, 0x0F, 0xFC, 0x00, 0x7F, 0xE0, 0x03,
  0xFE, 0x00, 0x07, 0xFE, 0x00, 0x00, 0x07, 0xFF, 0xFC, 0x00, 0x01, 0xFF,
  0xFF, 0xF0, 0x00, 0x3F, 0xFF, 0xFF, 0xC0, 0x0F, 0xFF, 0xFF, 0xFE, 0x01,
  0xFF, 0xFF, 0xFF, 0xF0, 0x1F, 0xFF, 0xFF, 0xFF, 0x03, 0xFF, 0xFF, 0xFF,
  0xF8, 0x7F, 0xFC, 0x0F, 0xFF, 0x87, 0xFF, 0x80, 0x3F, 0xFC, 0x7F, 0xF0,
  0x01, 0xFF, 0xC7, 0xFF, 0x00, 0x1F, 0xFC, 0xFF, 0xE0, 0x01, 0xFF, 0xC0,
  0x00, 0x00, 0x1F, 0xFE, 0x00, 0x00, 0x00, 0xFF, 0xE0, 0x00, 0x00, 0x0F,
  0xFE, 0x00, 0x00, 0x00, 0xFF, 0xE0, 0x00, 0xFF, 0xFF, 0xFE, 0x00, 0xFF,
  0xFF, 0xFF, 0xE0, 0x3F, 0xFF, 0xFF, 0xFE, 0x0F, 0xFF, 0xFF, 0xFF, 0xE1,
  0xFF, 0xFF, 0xFF, 0xFE, 0x3F, 0xFF, 0xFF, 0xFF, 0xE7, 0xFF, 0xF0, 0x0F,
  0xFE, 0x7F, 0xF8, 0x00, 0xFF, 0xEF, 0xFF, 0x00, 0x0F, 0xFE, 0xFF, 0xE0,
  0x00, 0xFF, 0xEF, 0xFE, 0x00, 0x0F, 0xFE, 0xFF, 0xE0, 0x00, 0xFF, 0xEF,
  0xFE, 0x00, 0x0F, 0xFE, 0xFF, 0xE0, 0x00, 0xFF, 0xEF, 0xFE, 0x00, 0x1F,
  0xFE, 0xFF, 0xE0, 0x03, 0xFF, 0xEF, 0xFF, 0x00, 0x7F, 0xFE, 0xFF, 0xFC,
  0x3F, 0xFF, 0xE7, 0xFF, 0xFF, 0xFF, 0xFE, 0x7F, 0xFF, 0xFF, 0xFF, 0xE3,
  0xFF, 0xFF, 0xFF, 0xFE, 0x3F, 0xFF, 0xFF, 0xFF, 0xE1, 0xFF, 0xFF, 0xEF,
  0xFE, 0x07, 0xFF, 0xFC, 0x7F, 0xF0, 0x1F, 0xFF, 0x07, 0xFF, 0x00, 0x7F,
  0xC0, 0x00, 0x00, 0xFF, 0xE0, 0x00, 0x00, 0x07, 0xFF, 0x00, 0x00, 0x00,
  0x3F, 0xF8, 0x00, 0x00, 0x01, 0xFF, 0xC0, 0x00, 0x00, 0x0F, 0xFE, 0x00,
  0x00, 0x00, 0x7F, 0xF0, 0x00, 0x00, 0x03, 0xFF, 0x80, 0x00, 0x00, 0x1F,
  0xFC, 0x00, 0x00, 0x00, 0xFF, 0xE0, 0x00, 0x00, 0x07, 0xFF, 0x00, 0x00,
  0x00, 0x3F, 0xF8, 0x00, 0x00, 0x01, 0xFF, 0xC0, 0x00, 0x00, 0x0F, 0xFE,
  0x00, 0x00, 0x00, 0x7F, 0xF0, 0x00, 0x00, 0x03, 0xFF, 0x80, 0x00, 0x00,
  0x1F, 0xFC, 0x00, 0x00, 0x00, 0xFF, 0xE0, 0x00, 0x00, 0x07, 0xFF, 0x03,
  0xFC, 0x00, 0x3F, 0xF8, 0x7F, 0xFC, 0x01, 0xFF, 0xCF, 0xFF, 0xF8, 0x0F,
  0xFE, 0xFF, 0xFF, 0xE0, 0x7F, 0xFF, 0xFF, 0xFF, 0x83, 0xFF, 0xFF, 0xFF,
  0xFE, 0x1F, 0xFF, 0xFF, 0xFF, 0xF8, 0xFF, 0xFF, 0xFF, 0xFF, 0xC7, 0xFF,
  0xFF, 0xFF, 0xFF, 0x3F, 0xFF, 0x80, 0xFF, 0xF9, 0xFF, 0xF0, 0x03, 0xFF,
  0xEF, 0xFF, 0x00, 0x0F, 0xFF, 0x7F, 0xF8, 0x00, 0x3F, 0xFB, 0xFF, 0x80,
  0x01, 0xFF, 0xFF, 0xFC, 0x00, 0x07, 0xFF, 0xFF, 0xE0, 0x00, 0x3F, 0xFF,
  0xFF, 0x00, 0x01, 0xFF, 0xFF, 0xF8, 0x00, 0x0F, 0xFF, 0xFF, 0xC0, 0x00,
  0x7F, 0xFF, 0xFE, 0x00, 0x03, 0xFF, 0xFF, 0xF0, 0x00, 0x1F, 0xFF, 0xFF,
  0x80, 0x00, 0xFF, 0xFF, 0xFC, 0x00, 0x07, 0xFF, 0xFF, 0xE0, 0x00, 0x3F,
  0xFF, 0xFF, 0x00, 0x01, 0xFF, 0xFF, 0xF8, 0x00, 0x0F, 0xFF, 0xFF, 0xC0,
  0x00, 0x7F, 0xFF, 0xFE, 0x00, 0x03, 0xFF, 0xFF, 0xF0, 0x00, 0x1F, 0xFF,
  0xFF, 0x80, 0x01, 0xFF, 0xFF, 0xFE, 0x00, 0x0F, 0xFE, 0xFF, 0xF0, 0x00,
  0xFF, 0xF7, 0xFF, 0xC0, 0x07, 0xFF, 0xBF, 0xFF, 0x80, 0xFF, 0xF9, 0xFF,
  0xFF, 0xFF, 0xFF, 0xCF, 0xFF, 0xFF, 0xFF, 0xFC, 0x7F, 0xFF, 0xFF, 0xFF,
  0xE3, 0xFF, 0xFF, 0xFF, 0xFE, 0x1F, 0xFF, 0xFF, 0xFF, 0xE0, 0xFF, 0xCF,
  0xFF, 0xFE, 0x07, 0xFE, 0x3F, 0xFF, 0xE0, 0x3F, 0xF0, 0x7F, 0xFC, 0x00,
  0x00, 0x00, 0xFF, 0x00, 0x00, 0x00, 0x03, 0xFE, 0x00, 0x00, 0x03, 0xFF,
  0xFC, 0x00, 0x00, 0xFF, 0xFF, 0xF0, 0x00, 0x1F, 0xFF, 0xFF, 0xC0, 0x03,
  0xFF, 0xFF, 0xFE, 0x00, 0x7F, 0xFF, 0xFF, 0xF0, 0x0F, 0xFF, 0xFF, 0xFF,
  0x81, 0xFF, 0xFF, 0xFF, 0xF8, 0x1F, 0xFF, 0xFF, 0xFF, 0xC3, 0xFF, 0xE0,
  0x3F, 0xFC, 0x3F, 0xF8, 0x01, 0xFF, 0xE7, 0xFF, 0x00, 0x0F, 0xFE, 0x7F,
  0xF0, 0x00, 0xFF, 0xEF, 0xFE, 0x00, 0x07, 0xFE, 0xFF, 0xE0, 0x00, 0x7F,
  0xFF, 0xFE, 0x00, 0x07, 0xFF, 0xFF, 0xE0, 0x00, 0x00, 0x0F, 0xFE, 0x00,
  0x00, 0x00, 0xFF, 0xE0, 0x00, 0x00, 0x0F, 0xFE, 0x00, 0x00, 0x00, 0xFF,
  0xC0, 0x00, 0x00, 0x0F, 0xFC, 0x00, 0x00, 0x00, 0xFF, 0xC0, 0x00, 0x00,
  0x0F, 0xFE, 0x00, 0x00, 0x00, 0xFF, 0xE0, 0x00, 0x00, 0x0F, 0xFE, 0x00,
  0x00, 0x00, 0xFF, 0xE0, 0x00, 0x00, 0x0F, 0xFE, 0x00, 0x00, 0x00, 0xFF,
  0xE0, 0x00, 0x7F, 0xFF, 0xFE, 0x00, 0x07, 0xFE, 0x7F, 0xF0, 0x00, 0x7F,
  0xE7, 0xFF, 0x00, 0x0F, 0xFE, 0x7F, 0xF8, 0x01, 0xFF, 0xE3, 0xFF, 0xC0,
  0x3F, 0xFC, 0x1F, 0xFF, 0xFF, 0xFF, 0xC1, 0xFF, 0xFF, 0xFF, 0xF8, 0x0F,
  0xFF, 0xFF, 0xFF, 0x80, 0x7F, 0xFF, 0xFF, 0xF0, 0x03, 0xFF, 0xFF, 0xFE,
  0x00, 0x1F, 0xFF, 0xFF, 0xC0, 0x00, 0xFF, 0xFF, 0xF0, 0x00, 0x03, 0xFF,
  0xFC, 0x00, 0x00, 0x07, 0xFE, 0x00, 0x00, 0x00, 0x00, 0x00, 0x3F, 0xF8,
  0x00, 0x00, 0x01, 0xFF, 0xC0, 0x00, 0x00, 0x0F, 0xFE, 0x00, 0x00, 0x00,
  0x7F, 0xF0, 0x00, 0x00, 0x03, 0xFF, 0x80, 0x00, 0x00, 0x1F, 0xFC, 0x00,
  0x00, 0x00, 0xFF, 0xE0, 0x00, 0x00, 0x07, 0xFF, 0x00, 0x00, 0x00, 0x3F,
  0xF8, 0x00, 0x00, 0x01, 0xFF, 0xC0, 0x00, 0x00, 0x0F, 0xFE, 0x00, 0x00,
  0x00, 0x7F, 0xF0, 0x00, 0x00, 0x03, 0xFF, 0x80, 0x00, 0x00, 0x1F, 0xFC,
  0x00, 0x00, 0x00, 0xFF, 0xE0, 0x00, 0x00, 0x07, 0xFF, 0x00, 0x00, 0x00,
  0x3F, 0xF8, 0x00, 0x7F, 0x01, 0xFF, 0xC0, 0x1F, 0xFF, 0x0F, 0xFE, 0x03,
  0xFF, 0xFC, 0x7F, 0xF0, 0x3F, 0xFF, 0xFB, 0xFF, 0x83, 0xFF, 0xFF, 0xFF,
  0xFC, 0x3F, 0xFF, 0xFF, 0xFF, 0xE3, 0xFF, 0xFF, 0xFF, 0xFF, 0x1F, 0xFF,
  0xFF, 0xFF, 0xF9, 0xFF, 0xFF, 0xFF, 0xFF, 0xCF, 0xFF, 0x80, 0xFF, 0xFE,
  0xFF, 0xF8, 0x01, 0xFF, 0xF7, 0xFF, 0x80, 0x07, 0xFF, 0xBF, 0xF8, 0x00,
  0x3F, 0xFF, 0xFF, 0xC0, 0x00, 0xFF, 0xFF, 0xFC, 0x00, 0x07, 0xFF, 0xFF,
  0xE0, 0x00, 0x3F, 0xFF, 0xFF, 0x00, 0x01, 0xFF, 0xFF, 0xF8, 0x00, 0x0F,
  0xFF, 0xFF, 0xC0, 0x00, 0x7F, 0xFF, 0xFE, 0x00, 0x03, 0xFF, 0xFF, 0xF0,
  0x00, 0x1F, 0xFF, 0xFF, 0x80, 0x00, 0xFF, 0xFF, 0xFC, 0x00, 0x07, 0xFF,
  0xFF, 0xE0, 0x00, 0x3F, 0xFF, 0xFF, 0x00, 0x01, 0xFF, 0xFF, 0xF8, 0x00,
  0x0F, 0xFF, 0xFF, 0xC0, 0x00, 0x7F, 0xFF, 0xFE, 0x00, 0x03, 0xFF, 0xFF,
  0xF0, 0x00, 0x1F, 0xFF, 0xFF, 0xC0, 0x00, 0xFF, 0xEF, 0xFE, 0x00, 0x0F,
  0xFF, 0x7F, 0xF8, 0x00, 0x7F, 0xFB, 0xFF, 0xE0, 0x07, 0xFF, 0xCF, 0xFF,
  0x80, 0xFF, 0xFE, 0x7F, 0xFF, 0xFF, 0xFF, 0xF1, 0xFF, 0xFF, 0xFF, 0xFF,
  0x8F, 0xFF, 0xFF, 0xFF, 0xFC, 0x3F, 0xFF, 0xFF, 0xFF, 0xE0, 0xFF, 0xFF,
  0xFF, 0xFF, 0x03, 0xFF, 0xFF, 0xBF, 0xF8, 0x0F, 0xFF, 0xF8, 0xFF, 0xC0,
  0x1F, 0xFF, 0x07, 0xFE, 0x00, 0x1F, 0xE0, 0x00, 0x00, 0x00, 0x03, 0xFF,
  0x00, 0x00, 0x00, 0xFF, 0xFF, 0x00, 0x00, 0x1F, 0xFF, 0xFE, 0x00, 0x01,
  0xFF, 0xFF, 0xF8, 0x00, 0x3F, 0xFF, 0xFF, 0xE0, 0x03, 0xFF, 0xFF, 0xFF,
  0x80, 0x3F, 0xFF, 0xFF, 0xFE, 0x01, 0xFF, 0xFF, 0xFF, 0xF8, 0x1F, 0xFF,
  0xFF, 0xFF, 0xC1, 0xFF, 0xF0, 0x0F, 0xFF, 0x0F, 0xFF, 0x00, 0x3F, 0xF8,
  0xFF, 0xF0, 0x00, 0xFF, 0xE7, 0xFF, 0x00, 0x07, 0xFF, 0x3F, 0xF8, 0x00,
  0x1F, 0xFB, 0xFF, 0xC0, 0x00, 0xFF, 0xFF, 0xFC, 0x00, 0x07, 0xFF, 0xFF,
  0xE0, 0x00, 0x3F, 0xFF, 0xFF, 0x00, 0x01, 0xFF, 0xFF, 0xFF, 0xFF, 0xFF,
  0xFF, 0xFF, 0xFF, 0xFF, 0xFF, 0xFF, 0xFF, 0xFF, 0xFF, 0xFF, 0xFF, 0xFF,
  0xFF, 0xFF, 0xFF, 0xFF, 0xFF, 0xFF, 0xFF, 0xFF, 0xFF, 0xFF, 0xFF, 0xFF,
  0xFF, 0xFF, 0xFF, 0xFF, 0xFF, 0xFF, 0x00, 0x00, 0x00, 0x3F, 0xF8, 0x00,
  0x00, 0x01, 0xFF, 0xC0, 0x00, 0x00, 0x0F, 0xFF, 0x00, 0x00, 0x00, 0x3F,
  0xF8, 0x00, 0x00, 0x01, 0xFF, 0xE0, 0x00, 0x0C, 0x0F, 0xFF, 0x80, 0x00,
  0xF0, 0x3F, 0xFE, 0x00, 0x0F, 0x81, 0xFF, 0xF8, 0x01, 0xFE, 0x07, 0xFF,
  0xFF, 0xFF, 0xF8, 0x1F, 0xFF, 0xFF, 0xFF, 0xE0, 0x7F, 0xFF, 0xFF, 0xFF,
  0x01, 0xFF, 0xFF, 0xFF, 0xF0, 0x07, 0xFF, 0xFF, 0xFE, 0x00, 0x1F, 0xFF,
  0xFF, 0xE0, 0x00, 0x3F, 0xFF, 0xFE, 0x00, 0x00, 0x7F, 0xFF, 0xC0, 0x00,
  0x00, 0x7F, 0xE0, 0x00, 0x00, 0x00, 0x7F, 0xC0, 0x00, 0x7F, 0xFC, 0x00,
  0x3F, 0xFF, 0x80, 0x0F, 0xFF, 0xF0, 0x03, 0xFF, 0xFE, 0x00, 0xFF, 0xFF,
  0xC0, 0x3F, 0xFF, 0xF8, 0x07, 0xFF, 0xFF, 0x01, 0xFF, 0xFF, 0xE0, 0x3F,
  0xFE, 0x00, 0x07, 0xFF, 0x80, 0x01, 0xFF, 0xE0, 0x00, 0x3F, 0xF8, 0x00,
  0x07, 0xFF, 0x00, 0x00, 0xFF, 0xE0, 0x00, 0x1F, 0xFC, 0x00, 0x03, 0xFF,
  0x80, 0x00, 0x7F, 0xF0, 0x00, 0x0F, 0xFE, 0x00, 0x7F, 0xFF, 0xFF, 0xCF,
  0xFF, 0xFF, 0xF9, 0xFF, 0xFF, 0xFF, 0x3F, 0xFF, 0xFF, 0xE7, 0xFF, 0xFF,
  0xFC, 0xFF, 0xFF, 0xFF, 0x9F, 0xFF, 0xFF, 0xF3, 0xFF, 0xFF, 0xFE, 0x01,
  0xFF, 0xC0, 0x00, 0x3F, 0xF8, 0x00, 0x07, 0xFF, 0x00, 0x00, 0xFF, 0xE0,
  0x00, 0x1F, 0xFC, 0x00, 0x03, 0xFF, 0x80, 0x00, 0x7F, 0xF0, 0x00, 0x0F,
  0xFE, 0x00, 0x01, 0xFF, 0xC0, 0x00, 0x3F, 0xF8, 0x00, 0x07, 0xFF, 0x00,
  0x00, 0xFF, 0xE0, 0x00, 0x1F, 0xFC, 0x00, 0x03, 0xFF, 0x80, 0x00, 0x7F,
  0xF0, 0x00, 0x0F, 0xFE, 0x00, 0x01, 0xFF, 0xC0, 0x00, 0x3F, 0xF8, 0x00,
  0x07, 0xFF, 0x00, 0x00, 0xFF, 0xE0, 0x00, 0x1F, 0xFC, 0x00, 0x03, 0xFF,
  0x80, 0x00, 0x7F, 0xF0, 0x00, 0x0F, 0xFE, 0x00, 0x01, 0xFF, 0xC0, 0x00,
  0x3F, 0xF8, 0x00, 0x07, 0xFF, 0x00, 0x00, 0xFF, 0xE0, 0x00, 0x1F, 0xFC,
  0x00, 0x03, 0xFF, 0x80, 0x00, 0x7F, 0xF0, 0x00, 0x0F, 0xFE, 0x00, 0x01,
  0xFF, 0xC0, 0x00, 0x00, 0x0F, 0xF8, 0x00, 0x00, 0x03, 0xFF, 0xF0, 0xFF,
  0xC0, 0x3F, 0xFF, 0xE7, 0xFE, 0x07, 0xFF, 0xFF, 0xBF, 0xF0, 0x7F, 0xFF,
  0xFF, 0xFF, 0x87, 0xFF, 0xFF, 0xFF, 0xFC, 0x3F, 0xFF, 0xFF, 0xFF, 0xE3,
  0xFF, 0xFF, 0xFF, 0xFF, 0x3F, 0xFF, 0xFF, 0xFF, 0xF9, 0xFF, 0xF8, 0x0F,
  0xFF, 0xDF, 0xFF, 0x00, 0x1F, 0xFE, 0xFF, 0xF0, 0x00, 0x7F, 0xF7, 0xFF,
  0x80, 0x03, 0xFF, 0xFF, 0xF8, 0x00, 0x1F, 0xFF, 0xFF, 0xC0, 0x00, 0xFF,
  0xFF, 0xFC, 0x00, 0x07, 0xFF, 0xFF, 0xE0, 0x00, 0x3F, 0xFF, 0xFF, 0x00,
  0x01, 0xFF, 0xFF, 0xF8, 0x00, 0x0F, 0xFF, 0xFF, 0xC0, 0x00, 0x7F, 0xFF,
  0xFE, 0x00, 0x03, 0xFF, 0xFF, 0xF0, 0x00, 0x1F, 0xFF, 0xFF, 0x80, 0x00,
  0xFF, 0xFF, 0xFC, 0x00, 0x07, 0xFF, 0xFF, 0xE0, 0x00, 0x3F, 0xFF, 0xFF,
  0x00, 0x01, 0xFF, 0xFF, 0xF8, 0x00, 0x0F, 0xFF, 0xFF, 0xC0, 0x00, 0x7F,
  0xFF, 0xFF, 0x00, 0x03, 0xFF, 0xBF, 0xF8, 0x00, 0x1F, 0xFD, 0xFF, 0xC0,
  0x00, 0xFF, 0xEF, 0xFF, 0x00, 0x07, 0xFF, 0x3F, 0xFC, 0x00, 0x7F, 0xF9,
  0xFF, 0xF0, 0x0F, 0xFF, 0xCF, 0xFF, 0xFF, 0xFF, 0xFE, 0x3F, 0xFF, 0xFF,
  0xFF, 0xF0, 0xFF, 0xFF, 0xFF, 0xFF, 0x87, 0xFF, 0xFF, 0xFF, 0xFC, 0x1F,
  0xFF, 0xFF, 0xFF, 0xE0, 0x7F, 0xFF, 0xF7, 0xFF, 0x00, 0xFF, 0xFF, 0x3F,
  0xF8, 0x03, 0xFF, 0xF1, 0xFF, 0xC0, 0x03, 0xFC, 0x0F, 0xFE, 0x00, 0x00,
  0x00, 0x7F, 0xF0, 0x00, 0x00, 0x03, 0xFF, 0x80, 0x00, 0x00, 0x3F, 0xFC,
  0x0C, 0x00, 0x01, 0xFF, 0xC0, 0xF8, 0x00, 0x1F, 0xFE, 0x0F, 0xE0, 0x03,
  0xFF, 0xF0, 0x7F, 0xF0, 0xFF, 0xFF, 0x07, 0xFF, 0xFF, 0xFF, 0xF0, 0x7F,
  0xFF, 0xFF, 0xFF, 0x81, 0xFF, 0xFF, 0xFF, 0xF8, 0x07, 0xFF, 0xFF, 0xFF,
  0x80, 0x1F, 0xFF, 0xFF, 0xF0, 0x00, 0x3F, 0xFF, 0xFF, 0x00, 0x00, 0x7F,
  0xFF, 0xE0, 0x00, 0x00, 0x3F, 0xF0, 0x00, 0x00, 0xFF, 0xE0, 0x00, 0x00,
  0x0F, 0xFE, 0x00, 0x00, 0x00, 0xFF, 0xE0, 0x00, 0x00, 0x0F, 0xFE, 0x00,
  0x00, 0x00, 0xFF, 0xE0, 0x00, 0x00, 0x0F, 0xFE, 0x00, 0x00, 0x00, 0xFF,
  0xE0, 0x00, 0x00, 0x0F, 0xFE, 0x00, 0x00, 0x00, 0xFF, 0xE0, 0x00, 0x00,
  0x0F, 0xFE, 0x00, 0x00, 0x00, 0xFF, 0xE0, 0x00, 0x00, 0x0F, 0xFE, 0x00,
  0x00, 0x00, 0xFF, 0xE0, 0x00, 0x00, 0x0F, 0xFE, 0x00, 0x00, 0x00, 0xFF,
  0xE0, 0x00, 0x00, 0x0F, 0xFE, 0x00, 0x00, 0x00, 0xFF, 0xE0, 0x00, 0x00,
  0x0F, 0xFE, 0x03, 0xFC, 0x00, 0xFF, 0xE0, 0xFF, 0xF8, 0x0F, 0xFE, 0x3F,
  0xFF, 0xE0, 0xFF, 0xE7, 0xFF, 0xFF, 0x0F, 0xFE, 0xFF, 0xFF, 0xF8, 0xFF,
  0xFF, 0xFF, 0xFF, 0x8F, 0xFF, 0xFF, 0xFF, 0xFC, 0xFF, 0xFF, 0xFF, 0xFF,
  0xCF, 0xFF, 0xFF, 0xFF, 0xFE, 0xFF, 0xFC, 0x03, 0xFF, 0xEF, 0xFF, 0x80,
  0x1F, 0xFE, 0xFF, 0xF0, 0x00, 0xFF, 0xEF, 0xFE, 0x00, 0x0F, 0xFE, 0xFF,
  0xE0, 0x00, 0xFF, 0xFF, 0xFE, 0x00, 0x07, 0xFF, 0xFF, 0xE0, 0x00, 0x7F,
  0xFF, 0xFE, 0x00, 0x07, 0xFF, 0xFF, 0xE0, 0x00, 0x7F, 0xFF, 0xFE, 0x00,
  0x07, 0xFF, 0xFF, 0xE0, 0x00, 0x7F, 0xFF, 0xFE, 0x00, 0x07, 0xFF, 0xFF,
  0xE0, 0x00, 0x7F, 0xFF, 0xFE, 0x00, 0x07, 0xFF, 0xFF, 0xE0, 0x00, 0x7F,
  0xFF, 0xFE, 0x00, 0x07, 0xFF, 0xFF, 0xE0, 0x00, 0x7F, 0xFF, 0xFE, 0x00,
  0x07, 0xFF, 0xFF, 0xE0, 0x00, 0x7F, 0xFF, 0xFE, 0x00, 0x07, 0xFF, 0xFF,
  0xE0, 0x00, 0x7F, 0xFF, 0xFE, 0x00, 0x07, 0xFF, 0xFF, 0xE0, 0x00, 0x7F,
  0xFF, 0xFE, 0x00, 0x07, 0xFF, 0xFF, 0xE0, 0x00, 0x7F, 0xFF, 0xFE, 0x00,
  0x07, 0xFF, 0xFF, 0xE0, 0x00, 0x7F, 0xFF, 0xFE, 0x00, 0x07, 0xFF, 0xFF,
  0xE0, 0x00, 0x7F, 0xFF, 0xFE, 0x00, 0x07, 0xFF, 0xFF, 0xE0, 0x00, 0x7F,
  0xFF, 0xFE, 0x00, 0x07, 0xFF, 0xFF, 0xE0, 0x00, 0x7F, 0xF0, 0x1F, 0x83,
  0xFE, 0x7F, 0xFF, 0xFF, 0xFF, 0xFF, 0xFF, 0xFF, 0xFF, 0xFF, 0x7F, 0xF3,
  0xFE, 0x0F, 0x80, 0x00, 0x00, 0x00, 0x00, 0x00, 0x00, 0x00, 0x7F, 0xF7,
  0xFF, 0x7F, 0xF7, 0xFF, 0x7F, 0xF7, 0xFF, 0x7F, 0xF7, 0xFF, 0x7F, 0xF7,
  0xFF, 0x7F, 0xF7, 0xFF, 0x7F, 0xF7, 0xFF, 0x7F, 0xF7, 0xFF, 0x7F, 0xF7,
  0xFF, 0x7F, 0xF7, 0xFF, 0x7F, 0xF7, 0xFF, 0x7F, 0xF7, 0xFF, 0x7F, 0xF7,
  0xFF, 0x7F, 0xF7, 0xFF, 0x7F, 0xF7, 0xFF, 0x7F, 0xF7, 0xFF, 0x7F, 0xF7,
  0xFF, 0x7F, 0xF7, 0xFF, 0x7F, 0xF7, 0xFF, 0x7F, 0xF7, 0xFF, 0x7F, 0xF0,
  0x00, 0x1F, 0x80, 0x03, 0xFE, 0x00, 0x7F, 0xE0, 0x0F, 0xFF, 0x00, 0xFF,
  0xF0, 0x0F, 0xFF, 0x00, 0xFF, 0xF0, 0x0F, 0xFF, 0x00, 0x7F, 0xE0, 0x03,
  0xFE, 0x00, 0x1F, 0x80, 0x00, 0x00, 0x00, 0x00, 0x00, 0x00, 0x00, 0x00,
  0x00, 0x00, 0x00, 0x00, 0x00, 0x7F, 0xF0, 0x07, 0xFF, 0x00, 0x7F, 0xF0,
  0x07, 0xFF, 0x00, 0x7F, 0xF0, 0x07, 0xFF, 0x00, 0x7F, 0xF0, 0x07, 0xFF,
  0x00, 0x7F, 0xF0, 0x07, 0xFF, 0x00, 0x7F, 0xF0, 0x07, 0xFF, 0x00, 0x7F,
  0xF0, 0x07, 0xFF, 0x00, 0x7F, 0xF0, 0x07, 0xFF, 0x00, 0x7F, 0xF0, 0x07,
  0xFF, 0x00, 0x7F, 0xF0, 0x07, 0xFF, 0x00, 0x7F, 0xF0, 0x07, 0xFF, 0x00,
  0x7F, 0xF0, 0x07, 0xFF, 0x00, 0x7F, 0xF0, 0x07, 0xFF, 0x00, 0x7F, 0xF0,
  0x07, 0xFF, 0x00, 0x7F, 0xF0, 0x07, 0xFF, 0x00, 0x7F, 0xF0, 0x07, 0xFF,
  0x00, 0x7F, 0xF0, 0x07, 0xFF, 0x00, 0x7F, 0xF0, 0x07, 0xFF, 0x00, 0x7F,
  0xF0, 0x07, 0xFF, 0x00, 0x7F, 0xF0, 0x07, 0xFF, 0x00, 0x7F, 0xF0, 0x07,
  0xFF, 0x00, 0x7F, 0xF0, 0x07, 0xFF, 0x00, 0x7F, 0xF0, 0x0F, 0xFF, 0x00,
  0xFF, 0xF0, 0x1F, 0xFE, 0xFF, 0xFF, 0xEF, 0xFF, 0xFE, 0xFF, 0xFF, 0xCF,
  0xFF, 0xFC, 0xFF, 0xFF, 0x8F, 0xFF, 0xF0, 0xFF, 0xFE, 0x0F, 0xFF, 0x80,
  0x7F, 0xC0, 0x00, 0xFF, 0xE0, 0x00, 0x00, 0x03, 0xFF, 0x80, 0x00, 0x00,
  0x0F, 0xFE, 0x00, 0x00, 0x00, 0x3F, 0xF8, 0x00, 0x00, 0x00, 0xFF, 0xE0,
  0x00, 0x00, 0x03, 0xFF, 0x80, 0x00, 0x00, 0x0F, 0xFE, 0x00, 0x00, 0x00,
  0x3F, 0xF8, 0x00, 0x00, 0x00, 0xFF, 0xE0, 0x00, 0x00, 0x03, 0xFF, 0x80,
  0x00, 0x00, 0x0F, 0xFE, 0x00, 0x00, 0x00, 0x3F, 0xF8, 0x00, 0x00, 0x00,
  0xFF, 0xE0, 0x00, 0x00, 0x03, 0xFF, 0x80, 0x00, 0x00, 0x0F, 0xFE, 0x00,
  0x00, 0x00, 0x3F, 0xF8, 0x00, 0x00, 0x00, 0xFF, 0xE0, 0x00, 0x00, 0x03,
  0xFF, 0x80, 0x00, 0x00, 0x0F, 0xFE, 0x00, 0x0F, 0xFF, 0xBF, 0xF8, 0x00,
  0x7F, 0xFC, 0xFF, 0xE0, 0x03, 0xFF, 0xE3, 0xFF, 0x80, 0x1F, 0xFF, 0x0F,
  0xFE, 0x00, 0xFF, 0xF8, 0x3F, 0xF8, 0x07, 0xFF, 0xC0, 0xFF, 0xE0, 0x3F,
  0xFE, 0x03, 0xFF, 0x80, 0xFF, 0xF8, 0x0F, 0xFE, 0x07, 0xFF, 0xC0, 0x3F,
  0xF8, 0x3F, 0xFE, 0x00, 0xFF, 0xE1, 0xFF, 0xF0, 0x03, 0xFF, 0x8F, 0xFF,
  0x80, 0x0F, 0xFE, 0x7F, 0xFC, 0x00, 0x3F, 0xFB, 0xFF, 0xE0, 0x00, 0xFF,
  0xEF, 0xFF, 0x00, 0x03, 0xFF, 0xFF, 0xFC, 0x00, 0x0F, 0xFF, 0xFF, 0xE0,
  0x00, 0x3F, 0xFF, 0xFF, 0x80, 0x00, 0xFF, 0xFF, 0xFE, 0x00, 0x03, 0xFF,
  0xFF, 0xFC, 0x00, 0x0F, 0xFF, 0xFF, 0xF8, 0x00, 0x3F, 0xFF, 0xFF, 0xE0,
  0x00, 0xFF, 0xFF, 0xFF, 0xC0, 0x03, 0xFF, 0xFF, 0xFF, 0x80, 0x0F, 0xFF,
  0xFF, 0xFE, 0x00, 0x3F, 0xFF, 0x3F, 0xFC, 0x00, 0xFF, 0xF8, 0xFF, 0xF8,
  0x03, 0xFF, 0xC1, 0xFF, 0xE0, 0x0F, 0xFE, 0x03, 0xFF, 0xC0, 0x3F, 0xF8,
  0x0F, 0xFF, 0x80, 0xFF, 0xE0, 0x1F, 0xFE, 0x03, 0xFF, 0x80, 0x3F, 0xFC,
  0x0F, 0xFE, 0x00, 0xFF, 0xF8, 0x3F, 0xF8, 0x01, 0xFF, 0xE0, 0xFF, 0xE0,
  0x03, 0xFF, 0xC3, 0xFF, 0x80, 0x0F, 0xFF, 0x8F, 0xFE, 0x00, 0x1F, 0xFE,
  0x3F, 0xF8, 0x00, 0x3F, 0xFC, 0xFF, 0xE0, 0x00, 0xFF, 0xFB, 0xFF, 0x80,
  0x01, 0xFF, 0xEF, 0xFE, 0x00, 0x07, 0xFF, 0xC0, 0xFF, 0xFF, 0xFF, 0xFF,
  0xFF, 0xFF, 0xFF, 0xFF, 0xFF, 0xFF, 0xFF, 0xFF, 0xFF, 0xFF, 0xFF, 0xFF,
  0xFF, 0xFF, 0xFF, 0xFF, 0xFF, 0xFF, 0xFF, 0xFF, 0xFF, 0xFF, 0xFF, 0xFF,
  0xFF, 0xFF, 0xFF, 0xFF, 0xFF, 0xFF, 0xFF, 0xFF, 0xFF, 0xFF, 0xFF, 0xFF,
  0xFF, 0xFF, 0xFF, 0xFF, 0xFF, 0xFF, 0xFF, 0xFF, 0xFF, 0xFF, 0xFF, 0xFF,
  0xFF, 0xFF, 0xFF, 0xFF, 0xFF, 0xFF, 0xFF, 0xFF, 0xFF, 0xFF, 0xFF, 0xFF,
  0xFF, 0xFF, 0xFF, 0xFF, 0xFF, 0xFF, 0xFF, 0xFF, 0xFF, 0xFF, 0xFF, 0xFF,
  0xFF, 0xFF, 0xFF, 0xFF, 0xFF, 0x80, 0x00, 0x00, 0x1F, 0xE0, 0x00, 0x3F,
  0xC0, 0x1F, 0xFC, 0x1F, 0xFF, 0x00, 0x3F, 0xFF, 0x03, 0xFF, 0x8F, 0xFF,
  0xF8, 0x0F, 0xFF, 0xF8, 0x7F, 0xF3, 0xFF, 0xFF, 0x87, 0xFF, 0xFF, 0x8F,
  0xFE, 0xFF, 0xFF, 0xF9, 0xFF, 0xFF, 0xF9, 0xFF, 0xFF, 0xFF, 0xFF, 0x7F,
  0xFF, 0xFF, 0x3F, 0xFF, 0xFF, 0xFF, 0xFF, 0xFF, 0xFF, 0xF7, 0xFF, 0xFF,
  0xFF, 0xFF, 0xFF, 0xFF, 0xFE, 0xFF, 0xFF, 0xFF, 0xFF, 0xFF, 0xFF, 0xFF,
  0xDF, 0xFF, 0x80, 0x7F, 0xFF, 0xC0, 0x7F, 0xFF, 0xFF, 0xE0, 0x07, 0xFF,
  0xE0, 0x07, 0xFF, 0xFF, 0xF8, 0x00, 0x7F, 0xF8, 0x00, 0x7F, 0xFF, 0xFE,
  0x00, 0x0F, 0xFF, 0x00, 0x0F, 0xFF, 0xFF, 0xC0, 0x01, 0xFF, 0xC0, 0x01,
  0xFF, 0xFF, 0xF8, 0x00, 0x3F, 0xF8, 0x00, 0x3F, 0xFF, 0xFF, 0x00, 0x07,
  0xFF, 0x00, 0x07, 0xFF, 0xFF, 0xE0, 0x00, 0xFF, 0xE0, 0x00, 0xFF, 0xFF,
  0xFC, 0x00, 0x1F, 0xFC, 0x00, 0x1F, 0xFF, 0xFF, 0x80, 0x03, 0xFF, 0x80,
  0x03, 0xFF, 0xFF, 0xF0, 0x00, 0x7F, 0xF0, 0x00, 0x7F, 0xFF, 0xFE, 0x00,
  0x0F, 0xFE, 0x00, 0x0F, 0xFF, 0xFF, 0xC0, 0x01, 0xFF, 0xC0, 0x01, 0xFF,
  0xFF, 0xF8, 0x00, 0x3F, 0xF8, 0x00, 0x3F, 0xFF, 0xFF, 0x00, 0x07, 0xFF,
  0x00, 0x07, 0xFF, 0xFF, 0xE0, 0x00, 0xFF, 0xE0, 0x00, 0xFF, 0xFF, 0xFC,
  0x00, 0x1F, 0xFC, 0x00, 0x1F, 0xFF, 0xFF, 0x80, 0x03, 0xFF, 0x80, 0x03,
  0xFF, 0xFF, 0xF0, 0x00, 0x7F, 0xF0, 0x00, 0x7F, 0xFF, 0xFE, 0x00, 0x0F,
  0xFE, 0x00, 0x0F, 0xFF, 0xFF, 0xC0, 0x01, 0xFF, 0xC0, 0x01, 0xFF, 0xFF,
  0xF8, 0x00, 0x3F, 0xF8, 0x00, 0x3F, 0xFF, 0xFF, 0x00, 0x07, 0xFF, 0x00,
  0x07, 0xFF, 0xFF, 0xE0, 0x00, 0xFF, 0xE0, 0x00, 0xFF, 0xFF, 0xFC, 0x00,
  0x1F, 0xFC, 0x00, 0x1F, 0xFF, 0xFF, 0x80, 0x03, 0xFF, 0x80, 0x03, 0xFF,
  0xFF, 0xF0, 0x00, 0x7F, 0xF0, 0x00, 0x7F, 0xFF, 0xFE, 0x00, 0x0F, 0xFE,
  0x00, 0x0F, 0xFF, 0xFF, 0xC0, 0x01, 0xFF, 0xC0, 0x01, 0xFF, 0xFF, 0xF8,
  0x00, 0x3F, 0xF8, 0x00, 0x3F, 0xFF, 0xFF, 0x00, 0x07, 0xFF, 0x00, 0x07,
  0xFF, 0xFF, 0xE0, 0x00, 0xFF, 0xE0, 0x00, 0xFF, 0xFF, 0xFC, 0x00, 0x1F,
  0xFC, 0x00, 0x1F, 0xFC, 0x00, 0x00, 0x1F, 0xE0, 0x0F, 0xFC, 0x0F, 0xFF,
  0x80, 0xFF, 0xC3, 0xFF, 0xFE, 0x0F, 0xFE, 0x7F, 0xFF, 0xF0, 0xFF, 0xEF,
  0xFF, 0xFF, 0x8F, 0xFF, 0xFF, 0xFF, 0xFC, 0xFF, 0xFF, 0xFF, 0xFF, 0xCF,
  0xFF, 0xFF, 0xFF, 0xFC, 0xFF, 0xFF, 0xFF, 0xFF, 0xEF, 0xFF, 0xC0, 0x3F,
  0xFE, 0xFF, 0xF8, 0x01, 0xFF, 0xEF, 0xFF, 0x00, 0x0F, 0xFE, 0xFF, 0xE0,
  0x00, 0xFF, 0xEF, 0xFE, 0x00, 0x0F, 0xFF, 0xFF, 0xE0, 0x00, 0x7F, 0xFF,
  0xFE, 0x00, 0x07, 0xFF, 0xFF, 0xE0, 0x00, 0x7F, 0xFF, 0xFE, 0x00, 0x07,
  0xFF, 0xFF, 0xE0, 0x00, 0x7F, 0xFF, 0xFE, 0x00, 0x07, 0xFF, 0xFF, 0xE0,
  0x00, 0x7F, 0xFF, 0xFE, 0x00, 0x07, 0xFF, 0xFF, 0xE0, 0x00, 0x7F, 0xFF,
  0xFE, 0x00, 0x07, 0xFF, 0xFF, 0xE0, 0x00, 0x7F, 0xFF, 0xFE, 0x00, 0x07,
  0xFF, 0xFF, 0xE0, 0x00, 0x7F, 0xFF, 0xFE, 0x00, 0x07, 0xFF, 0xFF, 0xE0,
  0x00, 0x7F, 0xFF, 0xFE, 0x00, 0x07, 0xFF, 0xFF, 0xE0, 0x00, 0x7F, 0xFF,
  0xFE, 0x00, 0x07, 0xFF, 0xFF, 0xE0, 0x00, 0x7F, 0xFF, 0xFE, 0x00, 0x07,
  0xFF, 0xFF, 0xE0, 0x00, 0x7F, 0xFF, 0xFE, 0x00, 0x07, 0xFF, 0xFF, 0xE0,
  0x00, 0x7F, 0xFF, 0xFE, 0x00, 0x07, 0xFF, 0xFF, 0xE0, 0x00, 0x7F, 0xFF,
  0xFE, 0x00, 0x07, 0xFF, 0xFF, 0xE0, 0x00, 0x7F, 0xFF, 0xFE, 0x00, 0x07,
  0xFF, 0x00, 0x03, 0xFF, 0x00, 0x00, 0x00, 0x3F, 0xFF, 0xC0, 0x00, 0x01,
  0xFF, 0xFF, 0xE0, 0x00, 0x0F, 0xFF, 0xFF, 0xF0, 0x00, 0x3F, 0xFF, 0xFF,
  0xF0, 0x00, 0xFF, 0xFF, 0xFF, 0xF0, 0x03, 0xFF, 0xFF, 0xFF, 0xF0, 0x0F,
  0xFF, 0xFF, 0xFF, 0xF0, 0x1F, 0xFF, 0xFF, 0xFF, 0xE0, 0x7F, 0xFC, 0x03,
  0xFF, 0xE0, 0xFF, 0xF0, 0x03, 0xFF, 0xC3, 0xFF, 0xC0, 0x03, 0xFF, 0xC7,
  0xFF, 0x00, 0x03, 0xFF, 0x8F, 0xFE, 0x00, 0x07, 0xFF, 0x3F, 0xF8, 0x00,
  0x07, 0xFF, 0x7F, 0xF0, 0x00, 0x0F, 0xFE, 0xFF, 0xE0, 0x00, 0x1F, 0xFD,
  0xFF, 0xC0, 0x00, 0x3F, 0xFB, 0xFF, 0x80, 0x00, 0x7F, 0xF7, 0xFF, 0x00,
  0x00, 0xFF, 0xEF, 0xFC, 0x00, 0x00, 0xFF, 0xFF, 0xF8, 0x00, 0x01, 0xFF,
  0xFF, 0xF0, 0x00, 0x03, 0xFF, 0xFF, 0xF0, 0x00, 0x0F, 0xFF, 0xFF, 0xE0,
  0x00, 0x1F, 0xFD, 0xFF, 0xC0, 0x00, 0x3F, 0xFB, 0xFF, 0x80, 0x00, 0x7F,
  0xF7, 0xFF, 0x00, 0x00, 0xFF, 0xEF, 0xFE, 0x00, 0x01, 0xFF, 0xCF, 0xFE,
  0x00, 0x07, 0xFF, 0x9F, 0xFC, 0x00, 0x0F, 0xFE, 0x3F, 0xFC, 0x00, 0x3F,
  0xFC, 0x3F, 0xFC, 0x00, 0xFF, 0xF0, 0x7F, 0xFC, 0x03, 0xFF, 0xE0, 0x7F,
  0xFF, 0xFF, 0xFF, 0x80, 0xFF, 0xFF, 0xFF, 0xFF, 0x00, 0xFF, 0xFF, 0xFF,
  0xFC, 0x00, 0xFF, 0xFF, 0xFF, 0xF0, 0x00, 0xFF, 0xFF, 0xFF, 0xC0, 0x00,
  0xFF, 0xFF, 0xFF, 0x00, 0x00, 0x7F, 0xFF, 0xF8, 0x00, 0x00, 0x3F, 0xFF,
  0xC0, 0x00, 0x00, 0x0F, 0xFC, 0x00, 0x00, 0x00, 0x00, 0x7F, 0x80, 0x07,
  0xFE, 0x0F, 0xFF, 0x80, 0x3F, 0xF9, 0xFF, 0xFF, 0x01, 0xFF, 0xDF, 0xFF,
  0xFC, 0x0F, 0xFF, 0xFF, 0xFF, 0xF0, 0x7F, 0xFF, 0xFF, 0xFF, 0xC3, 0xFF,
  0xFF, 0xFF, 0xFF, 0x1F, 0xFF, 0xFF, 0xFF, 0xF8, 0xFF, 0xFF, 0xFF, 0xFF,
  0xE7, 0xFF, 0xE0, 0x1F, 0xFF, 0x3F, 0xFE, 0x00, 0x7F, 0xFD, 0xFF, 0xE0,
  0x01, 0xFF, 0xEF, 0xFE, 0x00, 0x07, 0xFF, 0x7F, 0xF0, 0x00, 0x3F, 0xFF,
  0xFF, 0x80, 0x01, 0xFF, 0xFF, 0xFC, 0x00, 0x07, 0xFF, 0xFF, 0xE0, 0x00,
  0x3F, 0xFF, 0xFF, 0x00, 0x01, 0xFF, 0xFF, 0xF8, 0x00, 0x0F, 0xFF, 0xFF,
  0xC0, 0x00, 0x7F, 0xFF, 0xFE, 0x00, 0x03, 0xFF, 0xFF, 0xF0, 0x00, 0x1F,
  0xFF, 0xFF, 0x80, 0x00, 0xFF, 0xFF, 0xFC, 0x00, 0x07, 0xFF, 0xFF, 0xE0,
  0x00, 0x3F, 0xFF, 0xFF, 0x00, 0x01, 0xFF, 0xFF, 0xF8, 0x00, 0x0F, 0xFF,
  0xFF, 0xC0, 0x00, 0x7F, 0xFF, 0xFE, 0x00, 0x07, 0xFF, 0xFF, 0xF0, 0x00,
  0x3F, 0xFB, 0xFF, 0x80, 0x01, 0xFF, 0xDF, 0xFE, 0x00, 0x1F, 0xFE, 0xFF,
  0xF8, 0x01, 0xFF, 0xF7, 0xFF, 0xE0, 0x1F, 0xFF, 0x3F, 0xFF, 0xFF, 0xFF,
  0xF9, 0xFF, 0xFF, 0xFF, 0xFF, 0x8F, 0xFF, 0xFF, 0xFF, 0xFC, 0x7F, 0xFF,
  0xFF, 0xFF, 0xC3, 0xFF, 0xFF, 0xFF, 0xFC, 0x1F, 0xFD, 0xFF, 0xFF, 0xC0,
  0xFF, 0xE7, 0xFF, 0xFC, 0x07, 0xFF, 0x0F, 0xFF, 0x80, 0x3F, 0xF8, 0x1F,
  0xE0, 0x01, 0xFF, 0xC0, 0x00, 0x00, 0x0F, 0xFE, 0x00, 0x00, 0x00, 0x7F,
  0xF0, 0x00, 0x00, 0x03, 0xFF, 0x80, 0x00, 0x00, 0x1F, 0xFC, 0x00, 0x00,
  0x00, 0xFF, 0xE0, 0x00, 0x00, 0x07, 0xFF, 0x00, 0x00, 0x00, 0x3F, 0xF8,
  0x00, 0x00, 0x01, 0xFF, 0xC0, 0x00, 0x00, 0x0F, 0xFE, 0x00, 0x00, 0x00,
  0x7F, 0xF0, 0x00, 0x00, 0x03, 0xFF, 0x80, 0x00, 0x00, 0x1F, 0xFC, 0x00,
  0x00, 0x00, 0xFF, 0xE0, 0x00, 0x00, 0x07, 0xFF, 0x00, 0x00, 0x00, 0x00,
  0x00, 0x0F, 0xF0, 0x00, 0x00, 0x03, 0xFF, 0xE0, 0xFF, 0xC0, 0x7F, 0xFF,
  0xC7, 0xFE, 0x07, 0xFF, 0xFF, 0x3F, 0xF0, 0x7F, 0xFF, 0xFF, 0xFF, 0x87,
  0xFF, 0xFF, 0xFF, 0xFC, 0x7F, 0xFF, 0xFF, 0xFF, 0xE3, 0xFF, 0xFF, 0xFF,
  0xFF, 0x3F, 0xFF, 0xFF, 0xFF, 0xF9, 0xFF, 0xF0, 0x0F, 0xFF, 0xDF, 0xFF,
  0x00, 0x3F, 0xFE, 0xFF, 0xF0, 0x00, 0xFF, 0xF7, 0xFF, 0x00, 0x07, 0xFF,
  0xFF, 0xF8, 0x00, 0x1F, 0xFF, 0xFF, 0x80, 0x00, 0xFF, 0xFF, 0xFC, 0x00,
  0x07, 0xFF, 0xFF, 0xE0, 0x00, 0x3F, 0xFF, 0xFF, 0x00, 0x01, 0xFF, 0xFF,
  0xF8, 0x00, 0x0F, 0xFF, 0xFF, 0xC0, 0x00, 0x7F, 0xFF, 0xFE, 0x00, 0x03,
  0xFF, 0xFF, 0xF0, 0x00, 0x1F, 0xFF, 0xFF, 0x80, 0x00, 0xFF, 0xFF, 0xFC,
  0x00, 0x07, 0xFF, 0xFF, 0xE0, 0x00, 0x3F, 0xFF, 0xFF, 0x00, 0x01, 0xFF,
  0xFF, 0xF8, 0x00, 0x0F, 0xFF, 0xFF, 0xC0, 0x00, 0x7F, 0xFF, 0xFE, 0x00,
  0x03, 0xFF, 0xFF, 0xF8, 0x00, 0x1F, 0xFD, 0xFF, 0xC0, 0x01, 0xFF, 0xEF,
  0xFF, 0x00, 0x0F, 0xFF, 0x7F, 0xFC, 0x00, 0xFF, 0xF9, 0xFF, 0xF0, 0x0F,
  0xFF, 0xCF, 0xFF, 0xFF, 0xFF, 0xFE, 0x3F, 0xFF, 0xFF, 0xFF, 0xF1, 0xFF,
  0xFF, 0xFF, 0xFF, 0x87, 0xFF, 0xFF, 0xFF, 0xFC, 0x1F, 0xFF, 0xFF, 0xFF,
  0xE0, 0x7F, 0xFF, 0xF7, 0xFF, 0x01, 0xFF, 0xFF, 0x3F, 0xF8, 0x03, 0xFF,
  0xE1, 0xFF, 0xC0, 0x03, 0xF8, 0x0F, 0xFE, 0x00, 0x00, 0x00, 0x7F, 0xF0,
  0x00, 0x00, 0x03, 0xFF, 0x80, 0x00, 0x00, 0x1F, 0xFC, 0x00, 0x00, 0x00,
  0xFF, 0xE0, 0x00, 0x00, 0x07, 0xFF, 0x00, 0x00, 0x00, 0x3F, 0xF8, 0x00,
  0x00, 0x01, 0xFF, 0xC0, 0x00, 0x00, 0x0F, 0xFE, 0x00, 0x00, 0x00, 0x7F,
  0xF0, 0x00, 0x00, 0x03, 0xFF, 0x80, 0x00, 0x00, 0x1F, 0xFC, 0x00, 0x00,
  0x00, 0xFF, 0xE0, 0x00, 0x00, 0x07, 0xFF, 0x00, 0x00, 0x00, 0x3F, 0xF8,
  0x00, 0x00, 0x01, 0xFF, 0xC0, 0x00, 0x00, 0x7F, 0xFF, 0xE1, 0xFF, 0xFF,
  0xE3, 0xFF, 0xFF, 0xE7, 0xFF, 0xFF, 0xEF, 0xFF, 0xFF, 0xFF, 0xFF, 0xFF,
  0xFF, 0xFF, 0xFF, 0xFF, 0xFF, 0xFF, 0xFF, 0xFF, 0xFF, 0xFF, 0xFE, 0xFF,
  0xFF, 0x82, 0xFF, 0xFC, 0x00, 0xFF, 0xF8, 0x00, 0xFF, 0xF0, 0x00, 0xFF,
  0xE0, 0x00, 0xFF, 0xE0, 0x00, 0xFF, 0xE0, 0x00, 0xFF, 0xE0, 0x00, 0xFF,
  0xE0, 0x00, 0xFF, 0xE0, 0x00, 0xFF, 0xE0, 0x00, 0xFF, 0xE0, 0x00, 0xFF,
  0xE0, 0x00, 0xFF, 0xE0, 0x00, 0xFF, 0xE0, 0x00, 0xFF, 0xE0, 0x00, 0xFF,
  0xE0, 0x00, 0xFF, 0xE0, 0x00, 0xFF, 0xE0, 0x00, 0xFF, 0xE0, 0x00, 0xFF,
  0xE0, 0x00, 0xFF, 0xE0, 0x00, 0xFF, 0xE0, 0x00, 0xFF, 0xE0, 0x00, 0xFF,
  0xE0, 0x00, 0xFF, 0xE0, 0x00, 0xFF, 0xE0, 0x00, 0xFF, 0xE0, 0x00, 0xFF,
  0xE0, 0x00, 0xFF, 0xE0, 0x00, 0xFF, 0xE0, 0x00, 0xFF, 0xE0, 0x00, 0x00,
  0x07, 0xFE, 0x00, 0x00, 0x07, 0xFF, 0xFC, 0x00, 0x03, 0xFF, 0xFF, 0xE0,
  0x01, 0xFF, 0xFF, 0xFE, 0x00, 0x7F, 0xFF, 0xFF, 0xE0, 0x1F, 0xFF, 0xFF,
  0xFE, 0x07, 0xFF, 0xFF, 0xFF, 0xE0, 0xFF, 0xFF, 0xFF, 0xFE, 0x3F, 0xFC,
  0x03, 0xFF, 0xC7, 0xFF, 0x00, 0x3F, 0xFC, 0xFF, 0xC0, 0x03, 0xFF, 0xBF,
  0xF8, 0x00, 0x7F, 0xF7, 0xFF, 0x00, 0x0F, 0xFE, 0xFF, 0xE0, 0x00, 0x00,
  0x1F, 0xFE, 0x00, 0x00, 0x01, 0xFF, 0xE0, 0x00, 0x00, 0x3F, 0xFF, 0x00,
  0x00, 0x07, 0xFF, 0xFE, 0x00, 0x00, 0x7F, 0xFF, 0xFC, 0x00, 0x07, 0xFF,
  0xFF, 0xF0, 0x00, 0x7F, 0xFF, 0xFF, 0x80, 0x07, 0xFF, 0xFF, 0xFC, 0x00,
  0x3F, 0xFF, 0xFF, 0xC0, 0x01, 0xFF, 0xFF, 0xFC, 0x00, 0x07, 0xFF, 0xFF,
  0xC0, 0x00, 0x0F, 0xFF, 0xF8, 0x00, 0x00, 0x3F, 0xFF, 0x80, 0x00, 0x00,
  0xFF, 0xF0, 0x00, 0x00, 0x0F, 0xFF, 0xFF, 0xC0, 0x01, 0xFF, 0xFF, 0xF8,
  0x00, 0x1F, 0xFF, 0xFF, 0x00, 0x07, 0xFF, 0x7F, 0xE0, 0x00, 0xFF, 0xEF,
  0xFE, 0x00, 0x1F, 0xFD, 0xFF, 0xF0, 0x0F, 0xFF, 0x1F, 0xFF, 0xFF, 0xFF,
  0xE1, 0xFF, 0xFF, 0xFF, 0xF8, 0x3F, 0xFF, 0xFF, 0xFF, 0x01, 0xFF, 0xFF,
  0xFF, 0xC0, 0x1F, 0xFF, 0xFF, 0xE0, 0x01, 0xFF, 0xFF, 0xF8, 0x00, 0x0F,
  0xFF, 0xFC, 0x00, 0x00, 0x1F, 0xF8, 0x00, 0x00, 0x03, 0xFF, 0x80, 0x01,
  0xFF, 0xC0, 0x00, 0xFF, 0xE0, 0x00, 0x7F, 0xF0, 0x00, 0x3F, 0xF8, 0x00,
  0x1F, 0xFC, 0x00, 0x0F, 0xFE, 0x00, 0x07, 0xFF, 0x00, 0x03, 0xFF, 0x80,
  0x01, 0xFF, 0xC0, 0x3F, 0xFF, 0xFF, 0xDF, 0xFF, 0xFF, 0xEF, 0xFF, 0xFF,
  0xF7, 0xFF, 0xFF, 0xFB, 0xFF, 0xFF, 0xFD, 0xFF, 0xFF, 0xFE, 0xFF, 0xFF,
  0xFF, 0x7F, 0xFF, 0xFF, 0x80, 0xFF, 0xE0, 0x00, 0x7F, 0xF0, 0x00, 0x3F,
  0xF8, 0x00, 0x1F, 0xFC, 0x00, 0x0F, 0xFE, 0x00, 0x07, 0xFF, 0x00, 0x03,
  0xFF, 0x80, 0x01, 0xFF, 0xC0, 0x00, 0xFF, 0xE0, 0x00, 0x7F, 0xF0, 0x00,
  0x3F, 0xF8, 0x00, 0x1F, 0xFC, 0x00, 0x0F, 0xFE, 0x00, 0x07, 0xFF, 0x00,
  0x03, 0xFF, 0x80, 0x01, 0xFF, 0xC0, 0x00, 0xFF, 0xE0, 0x00, 0x7F, 0xF0,
  0x00, 0x3F, 0xF8, 0x00, 0x1F, 0xFC, 0x00, 0x0F, 0xFE, 0x00, 0x07, 0xFF,
  0x00, 0x03, 0xFF, 0xC0, 0x01, 0xFF, 0xE0, 0x00, 0x7F, 0xF8, 0x00, 0x3F,
  0xFF, 0xF0, 0x1F, 0xFF, 0xF8, 0x0F, 0xFF, 0xFC, 0x03, 0xFF, 0xFE, 0x01,
  0xFF, 0xFF, 0x00, 0x7F, 0xFF, 0x80, 0x1F, 0xFF, 0xC0, 0x07, 0xFF, 0xE0,
  0x00, 0x7F, 0xC0, 0xFF, 0xE0, 0x00, 0x7F, 0xFF, 0xFE, 0x00, 0x07, 0xFF,
  0xFF, 0xE0, 0x00, 0x7F, 0xFF, 0xFE, 0x00, 0x07, 0xFF, 0xFF, 0xE0, 0x00,
  0x7F, 0xFF, 0xFE, 0x00, 0x07, 0xFF, 0xFF, 0xE0, 0x00, 0x7F, 0xFF, 0xFE,
  0x00, 0x07, 0xFF, 0xFF, 0xE0, 0x00, 0x7F, 0xFF, 0xFE, 0x00, 0x07, 0xFF,
  0xFF, 0xE0, 0x00, 0x7F, 0xFF, 0xFE, 0x00, 0x07, 0xFF, 0xFF, 0xE0, 0x00,
  0x7F, 0xFF, 0xFE, 0x00, 0x07, 0xFF, 0xFF, 0xE0, 0x00, 0x7F, 0xFF, 0xFE,
  0x00, 0x07, 0xFF, 0xFF, 0xE0, 0x00, 0x7F, 0xFF, 0xFE, 0x00, 0x07, 0xFF,
  0xFF, 0xE0, 0x00, 0x7F, 0xFF, 0xFE, 0x00, 0x07, 0xFF, 0xFF, 0xE0, 0x00,
  0x7F, 0xFF, 0xFE, 0x00, 0x07, 0xFF, 0xFF, 0xE0, 0x00, 0x7F, 0xFF, 0xFE,
  0x00, 0x07, 0xFF, 0xFF, 0xE0, 0x00, 0x7F, 0xFF, 0xFE, 0x00, 0x07, 0xFF,
  0xFF, 0xE0, 0x00, 0x7F, 0xFF, 0xFE, 0x00, 0x07, 0xFF, 0xFF, 0xE0, 0x00,
  0x7F, 0xFF, 0xFE, 0x00, 0x0F, 0xFF, 0xFF, 0xF0, 0x00, 0xFF, 0xFF, 0xFF,
  0x00, 0x1F, 0xFF, 0x7F, 0xF8, 0x07, 0xFF, 0xF7, 0xFF, 0xFF, 0xFF, 0xFF,
  0x7F, 0xFF, 0xFF, 0xFF, 0xF3, 0xFF, 0xFF, 0xFF, 0xFF, 0x3F, 0xFF, 0xFF,
  0xFF, 0xF1, 0xFF, 0xFF, 0xFF, 0xFF, 0x0F, 0xFF, 0xFF, 0x7F, 0xF0, 0x7F,
  0xFF, 0xC7, 0xFF, 0x01, 0xFF, 0xF8, 0x7F, 0xF0, 0x07, 0xFC, 0x00, 0x00,
  0x7F, 0xF0, 0x00, 0x1F, 0xFE, 0xFF, 0xE0, 0x00, 0x3F, 0xF9, 0xFF, 0xE0,
  0x00, 0x7F, 0xF1, 0xFF, 0xC0, 0x01, 0xFF, 0xE3, 0xFF, 0x80, 0x03, 0xFF,
  0x87, 0xFF, 0x80, 0x07, 0xFF, 0x07, 0xFF, 0x00, 0x0F, 0xFE, 0x0F, 0xFE,
  0x00, 0x3F, 0xF8, 0x1F, 0xFC, 0x00, 0x7F, 0xF0, 0x1F, 0xFC, 0x00, 0xFF,
  0xE0, 0x3F, 0xF8, 0x01, 0xFF, 0x80, 0x7F, 0xF0, 0x07, 0xFF, 0x00, 0x7F,
  0xE0, 0x0F, 0xFE, 0x00, 0xFF, 0xE0, 0x1F, 0xF8, 0x01, 0xFF, 0xC0, 0x7F,
  0xF0, 0x01, 0xFF, 0x80, 0xFF, 0xE0, 0x03, 0xFF, 0x81, 0xFF, 0x80, 0x07,
  0xFF, 0x03, 0xFF, 0x00, 0x07, 0xFE, 0x0F, 0xFE, 0x00, 0x0F, 0xFC, 0x1F,
  0xF8, 0x00, 0x1F, 0xFC, 0x3F, 0xF0, 0x00, 0x1F, 0xF8, 0xFF, 0xE0, 0x00,
  0x3F, 0xF1, 0xFF, 0x80, 0x00, 0x7F, 0xF3, 0xFF, 0x00, 0x00, 0x7F, 0xE7,
  0xFE, 0x00, 0x00, 0xFF, 0xDF, 0xF8, 0x00, 0x01, 0xFF, 0xBF, 0xF0, 0x00,
  0x01, 0xFF, 0xFF, 0xE0, 0x00, 0x03, 0xFF, 0xFF, 0x80, 0x00, 0x07, 0xFF,
  0xFF, 0x00, 0x00, 0x07, 0xFF, 0xFE, 0x00, 0x00, 0x0F, 0xFF, 0xF8, 0x00,
  0x00, 0x0F, 0xFF, 0xF0, 0x00, 0x00, 0x1F, 0xFF, 0xE0, 0x00, 0x00, 0x3F,
  0xFF, 0x80, 0x00, 0x00, 0x3F, 0xFF, 0x00, 0x00, 0x00, 0x7F, 0xFE, 0x00,
  0x00, 0x00, 0xFF, 0xF8, 0x00, 0x00, 0x00, 0xFF, 0xF0, 0x00, 0x00, 0x01,
  0xFF, 0xE0, 0x00, 0x00, 0x03, 0xFF, 0x80, 0x00, 0xFF, 0xE0, 0x01, 0xFF,
  0x00, 0x0F, 0xFF, 0xFF, 0xC0, 0x03, 0xFE, 0x00, 0x1F, 0xFD, 0xFF, 0x80,
  0x07, 0xFC, 0x00, 0x3F, 0xF3, 0xFF, 0x00, 0x0F, 0xFC, 0x00, 0x7F, 0xE7,
  0xFF, 0x00, 0x3F, 0xF8, 0x01, 0xFF, 0xC7, 0xFE, 0x00, 0x7F, 0xF0, 0x03,
  0xFF, 0x8F, 0xFC, 0x00, 0xFF, 0xE0, 0x07, 0xFE, 0x1F, 0xF8, 0x03, 0xFF,
  0xE0, 0x0F, 0xFC, 0x3F, 0xF0, 0x07, 0xFF, 0xC0, 0x1F, 0xF8, 0x3F, 0xF0,
  0x0F, 0xFF, 0x80, 0x7F, 0xF0, 0x7F, 0xE0, 0x1F, 0xFF, 0x80, 0xFF, 0xC0,
  0xFF, 0xC0, 0x7F, 0xFF, 0x01, 0xFF, 0x81, 0xFF, 0x80, 0xFF, 0xFE, 0x03,
  0xFF, 0x01, 0xFF, 0x01, 0xFF, 0xFC, 0x07, 0xFE, 0x03, 0xFF, 0x07, 0xFF,
  0xFC, 0x1F, 0xF8, 0x07, 0xFE, 0x0F, 0xF7, 0xF8, 0x3F, 0xF0, 0x0F, 0xFC,
  0x1F, 0xEF, 0xF0, 0x7F, 0xE0, 0x0F, 0xF8, 0x3F, 0xDF, 0xE0, 0xFF, 0xC0,
  0x1F, 0xF0, 0xFF, 0x1F, 0xE1, 0xFF, 0x00, 0x3F, 0xF1, 0xFE, 0x3F, 0xC7,
  0xFE, 0x00, 0x7F, 0xE3, 0xFC, 0x7F, 0x8F, 0xFC, 0x00, 0x7F, 0xC7, 0xF8,
  0x7F, 0x9F, 0xF8, 0x00, 0xFF, 0x9F, 0xE0, 0xFF, 0x3F, 0xE0, 0x01, 0xFF,
  0x3F, 0xC1, 0xFE, 0x7F, 0xC0, 0x03, 0xFF, 0x7F, 0x83, 0xFD, 0xFF, 0x80,
  0x03, 0xFF, 0xFE, 0x03, 0xFF, 0xFF, 0x00, 0x07, 0xFF, 0xFC, 0x07, 0xFF,
  0xFC, 0x00, 0x0F, 0xFF, 0xF8, 0x0F, 0xFF, 0xF8, 0x00, 0x1F, 0xFF, 0xE0,
  0x0F, 0xFF, 0xF0, 0x00, 0x1F, 0xFF, 0xC0, 0x1F, 0xFF, 0xE0, 0x00, 0x3F,
  0xFF, 0x80, 0x3F, 0xFF, 0x80, 0x00, 0x7F, 0xFF, 0x00, 0x3F, 0xFF, 0x00,
  0x00, 0xFF, 0xFC, 0x00, 0x7F, 0xFE, 0x00, 0x00, 0xFF, 0xF8, 0x00, 0xFF,
  0xFC, 0x00, 0x01, 0xFF, 0xF0, 0x01, 0xFF, 0xF0, 0x00, 0x03, 0xFF, 0xC0,
  0x01, 0xFF, 0xE0, 0x00, 0x07, 0xFF, 0x80, 0x03, 0xFF, 0xC0, 0x00, 0x07,
  0xFF, 0x00, 0x07, 0xFF, 0x80, 0x00, 0x0F, 0xFC, 0x00, 0x07, 0xFE, 0x00,
  0x00, 0x1F, 0xF8, 0x00, 0x0F, 0xFC, 0x00, 0x00, 0x3F, 0xF0, 0x00, 0x1F,
  0xF8, 0x00, 0x7F, 0xF0, 0x00, 0x3F, 0xF9, 0xFF, 0xE0, 0x01, 0xFF, 0xE3,
  0xFF, 0x80, 0x07, 0xFF, 0x0F, 0xFF, 0x00, 0x3F, 0xFC, 0x1F, 0xFE, 0x01,
  0xFF, 0xE0, 0x3F, 0xF8, 0x07, 0xFF, 0x00, 0xFF, 0xF0, 0x3F, 0xFC, 0x01,
  0xFF, 0xC0, 0xFF, 0xE0, 0x07, 0xFF, 0x87, 0xFF, 0x80, 0x0F, 0xFE, 0x1F,
  0xFC, 0x00, 0x3F, 0xFC, 0xFF, 0xF0, 0x00, 0x7F, 0xF7, 0xFF, 0x80, 0x00,
  0xFF, 0xFF, 0xFC, 0x00, 0x03, 0xFF, 0xFF, 0xF0, 0x00, 0x07, 0xFF, 0xFF,
  0x80, 0x00, 0x1F, 0xFF, 0xFE, 0x00, 0x00, 0x3F, 0xFF, 0xF0, 0x00, 0x00,
  0x7F, 0xFF, 0x80, 0x00, 0x01, 0xFF, 0xFE, 0x00, 0x00, 0x03, 0xFF, 0xF0,
  0x00, 0x00, 0x0F, 0xFF, 0xC0, 0x00, 0x00, 0x7F, 0xFF, 0x80, 0x00, 0x01,
  0xFF, 0xFE, 0x00, 0x00, 0x0F, 0xFF, 0xFC, 0x00, 0x00, 0x7F, 0xFF, 0xF8,
  0x00, 0x01, 0xFF, 0xFF, 0xE0, 0x00, 0x0F, 0xFF, 0xFF, 0xC0, 0x00, 0x3F,
  0xFF, 0xFF, 0x00, 0x01, 0xFF, 0xFF, 0xFE, 0x00, 0x07, 0xFF, 0x3F, 0xF8,
  0x00, 0x3F, 0xF8, 0x7F, 0xF0, 0x01, 0xFF, 0xE1, 0xFF, 0xE0, 0x07, 0xFF,
  0x03, 0xFF, 0x80, 0x3F, 0xFC, 0x0F, 0xFF, 0x00, 0xFF, 0xE0, 0x1F, 0xFC,
  0x07, 0xFF, 0x80, 0x7F, 0xF8, 0x3F, 0xFC, 0x00, 0xFF, 0xF0, 0xFF, 0xF0,
  0x03, 0xFF, 0xC7, 0xFF, 0x80, 0x07, 0xFF, 0x9F, 0xFC, 0x00, 0x0F, 0xFE,
  0xFF, 0xF0, 0x00, 0x3F, 0xFC, 0xFF, 0xF0, 0x00, 0x1F, 0xFE, 0xFF, 0xE0,
  0x00, 0x3F, 0xFD, 0xFF, 0xE0, 0x00, 0x7F, 0xF3, 0xFF, 0xC0, 0x01, 0xFF,
  0xE3, 0xFF, 0x80, 0x03, 0xFF, 0xC7, 0xFF, 0x80, 0x07, 0xFF, 0x0F, 0xFF,
  0x00, 0x1F, 0xFE, 0x0F, 0xFE, 0x00, 0x3F, 0xFC, 0x1F, 0xFE, 0x00, 0x7F,
  0xF0, 0x1F, 0xFC, 0x00, 0xFF, 0xE0, 0x3F, 0xF8, 0x03, 0xFF, 0x80, 0x7F,
  0xF0, 0x07, 0xFF, 0x00, 0x7F, 0xF0, 0x0F, 0xFE, 0x00, 0xFF, 0xE0, 0x3F,
  0xF8, 0x01, 0xFF, 0xC0, 0x7F, 0xF0, 0x01, 0xFF, 0xC0, 0xFF, 0xE0, 0x03,
  0xFF, 0x83, 0xFF, 0x80, 0x07, 0xFF, 0x07, 0xFF, 0x00, 0x07, 0xFF, 0x0F,
  0xFE, 0x00, 0x0F, 0xFE, 0x3F, 0xF8, 0x00, 0x1F, 0xFC, 0x7F, 0xF0, 0x00,
  0x1F, 0xF8, 0xFF, 0xE0, 0x00, 0x3F, 0xF9, 0xFF, 0x80, 0x00, 0x3F, 0xF7,
  0xFF, 0x00, 0x00, 0x7F, 0xEF, 0xFE, 0x00, 0x00, 0xFF, 0xFF, 0xF8, 0x00,
  0x00, 0xFF, 0xFF, 0xF0, 0x00, 0x01, 0xFF, 0xFF, 0xC0, 0x00, 0x03, 0xFF,
  0xFF, 0x80, 0x00, 0x03, 0xFF, 0xFF, 0x00, 0x00, 0x07, 0xFF, 0xFC, 0x00,
  0x00, 0x0F, 0xFF, 0xF8, 0x00, 0x00, 0x0F, 0xFF, 0xF0, 0x00, 0x00, 0x1F,
  0xFF, 0xC0, 0x00, 0x00, 0x3F, 0xFF, 0x80, 0x00, 0x00, 0x3F, 0xFF, 0x00,
  0x00, 0x00, 0x7F, 0xFC, 0x00, 0x00, 0x00, 0xFF, 0xF8, 0x00, 0x00, 0x00,
  0xFF, 0xF0, 0x00, 0x00, 0x01, 0xFF, 0xC0, 0x00, 0x00, 0x01, 0xFF, 0x80,
  0x00, 0x00, 0x07, 0xFE, 0x00, 0x00, 0x00, 0x0F, 0xFC, 0x00, 0x00, 0x00,
  0x3F, 0xF8, 0x00, 0x00, 0x00, 0x7F, 0xE0, 0x00, 0x00, 0x00, 0xFF, 0xC0,
  0x00, 0x00, 0x03, 0xFF, 0x80, 0x00, 0x00, 0x0F, 0xFE, 0x00, 0x00, 0x07,
  0xFF, 0xFC, 0x00, 0x00, 0x0F, 0xFF, 0xF0, 0x00, 0x00, 0x1F, 0xFF, 0xE0,
  0x00, 0x00, 0x3F, 0xFF, 0x80, 0x00, 0x00, 0x7F, 0xFF, 0x00, 0x00, 0x00,
  0xFF, 0xFC, 0x00, 0x00, 0x01, 0xFF, 0xF0, 0x00, 0x00, 0x03, 0xFF, 0x80,
  0x00, 0x00, 0x07, 0xFC, 0x00, 0x00, 0x00, 0xFF, 0xFF, 0xFF, 0xFF, 0xBF,
  0xFF, 0xFF, 0xFF, 0xEF, 0xFF, 0xFF, 0xFF, 0xFB, 0xFF, 0xFF, 0xFF, 0xFE,
  0xFF, 0xFF, 0xFF, 0xFF, 0xBF, 0xFF, 0xFF, 0xFF, 0xEF, 0xFF, 0xFF, 0xFF,
  0xFB, 0xFF, 0xFF, 0xFF, 0xFE, 0xFF, 0xFF, 0xFF, 0xFF, 0x00, 0x00, 0x07,
  0xFF, 0x80, 0x00, 0x03, 0xFF, 0xC0, 0x00, 0x01, 0xFF, 0xF0, 0x00, 0x00,
  0xFF, 0xF8, 0x00, 0x00, 0x3F, 0xFC, 0x00, 0x00, 0x1F, 0xFE, 0x00, 0x00,
  0x0F, 0xFF, 0x80, 0x00, 0x07, 0xFF, 0xC0, 0x00, 0x01, 0xFF, 0xE0, 0x00,
  0x00, 0xFF, 0xF0, 0x00, 0x00, 0x7F, 0xF8, 0x00, 0x00, 0x3F, 0xFE, 0x00,
  0x00, 0x0F, 0xFF, 0x00, 0x00, 0x07, 0xFF, 0x80, 0x00, 0x03, 0xFF, 0xC0,
  0x00, 0x01, 0xFF, 0xF0, 0x00, 0x00, 0x7F, 0xF8, 0x00, 0x00, 0x3F, 0xFC,
  0x00, 0x00, 0x1F, 0xFE, 0x00, 0x00, 0x0F, 0xFF, 0x80, 0x00, 0x03, 0xFF,
  0xC0, 0x00, 0x01, 0xFF, 0xE0, 0x00, 0x00, 0xFF, 0xF0, 0x00, 0x00, 0x7F,
  0xFF, 0xFF, 0xFF, 0xDF, 0xFF, 0xFF, 0xFF, 0xFF, 0xFF, 0xFF, 0xFF, 0xFF,
  0xFF, 0xFF, 0xFF, 0xFF, 0xFF, 0xFF, 0xFF, 0xFF, 0xFF, 0xFF, 0xFF, 0xFF,
  0xFF, 0xFF, 0xFF, 0xFF, 0xFF, 0xFF, 0xFF, 0xFF, 0xFF, 0xFF, 0xFF, 0xFF,
  0xFF, 0xC0, 0x00, 0x00, 0x10, 0x00, 0x03, 0xE0, 0x00, 0x3F, 0x80, 0x01,
  0xFF, 0x00, 0x0F, 0xFC, 0x00, 0x7F, 0xF0, 0x03, 0xFF, 0x80, 0x1F, 0xFC,
  0x00, 0x7F, 0xE0, 0x03, 0xFF, 0x00, 0x0F, 0xFC, 0x00, 0x7F, 0xE0, 0x01,
  0xFF, 0x80, 0x07, 0xFE, 0x00, 0x1F, 0xF8, 0x00, 0x7F, 0xE0, 0x01, 0xFF,
  0x00, 0x07, 0xFC, 0x00, 0x1F, 0xF0, 0x00, 0x7F, 0xC0, 0x01, 0xFF, 0x00,
  0x07, 0xFC, 0x00, 0x1F, 0xF0, 0x00, 0x7F, 0xC0, 0x01, 0xFF, 0x00, 0x07,
  0xFC, 0x00, 0x1F, 0xF0, 0x00, 0xFF, 0xC0, 0x03, 0xFF, 0x00, 0x0F, 0xFC,
  0x00, 0x7F, 0xF0, 0x01, 0xFF, 0x80, 0x0F, 0xFE, 0x03, 0xFF, 0xF0, 0x0F,
  0xFF, 0x80, 0x3F, 0xFC, 0x00, 0xFF, 0xE0, 0x03, 0xFF, 0x00, 0x0F, 0xFF,
  0x00, 0x3F, 0xFE, 0x00, 0xFF, 0xFC, 0x00, 0x7F, 0xF0, 0x00, 0xFF, 0xE0,
  0x01, 0xFF, 0x80, 0x03, 0xFF, 0x00, 0x0F, 0xFC, 0x00, 0x3F, 0xF0, 0x00,
  0x7F, 0xC0, 0x01, 0xFF, 0x00, 0x07, 0xFC, 0x00, 0x1F, 0xF0, 0x00, 0x7F,
  0xC0, 0x01, 0xFF, 0x00, 0x07, 0xFC, 0x00, 0x1F, 0xF0, 0x00, 0x7F, 0xC0,
  0x01, 0xFF, 0x00, 0x07, 0xFC, 0x00, 0x1F, 0xF0, 0x00, 0x7F, 0xE0, 0x01,
  0xFF, 0x80, 0x07, 0xFE, 0x00, 0x1F, 0xF8, 0x00, 0x7F, 0xE0, 0x00, 0xFF,
  0xC0, 0x03, 0xFF, 0x00, 0x07, 0xFE, 0x00, 0x1F, 0xFC, 0x00, 0x3F, 0xF8,
  0x00, 0x7F, 0xF0, 0x00, 0xFF, 0xC0, 0x01, 0xFF, 0x00, 0x03, 0xF8, 0x00,
  0x03, 0xE0, 0x00, 0x01, 0x00, 0xFF, 0xFF, 0xFF, 0xFF, 0xFF, 0xFF, 0xFF,
  0xFF, 0xFF, 0xFF, 0xFF, 0xFF, 0xFF, 0xFF, 0xFF, 0xFF, 0xFF, 0xFF, 0xFF,
  0xFF, 0xFF, 0xFF, 0xFF, 0xFF, 0xFF, 0xFF, 0xFF, 0xFF, 0xFF, 0xFF, 0xFF,
  0xFF, 0xFF, 0xFF, 0xFF, 0xFF, 0xFF, 0xFF, 0xFF, 0xFF, 0xFF, 0xFF, 0xFF,
  0xFF, 0xFF, 0xFF, 0xFF, 0xFF, 0xFC, 0x30, 0x00, 0x00, 0x7C, 0x00, 0x00,
  0xFE, 0x00, 0x03, 0xFE, 0x00, 0x07, 0xFE, 0x00, 0x1F, 0xFE, 0x00, 0x1F,
  0xFE, 0x00, 0x0F, 0xFE, 0x00, 0x0F, 0xFC, 0x00, 0x0F, 0xFC, 0x00, 0x1F,
  0xF8, 0x00, 0x3F, 0xF0, 0x00, 0x3F, 0xF0, 0x00, 0x7F, 0xE0, 0x00, 0xFF,
  0xC0, 0x01, 0xFF, 0x80, 0x03, 0xFF, 0x00, 0x07, 0xFE, 0x00, 0x0F, 0xFC,
  0x00, 0x1F, 0xF8, 0x00, 0x3F, 0xF0, 0x00, 0x7F, 0xE0, 0x00, 0xFF, 0xC0,
  0x01, 0xFF, 0x80, 0x03, 0xFF, 0x00, 0x07, 0xFE, 0x00, 0x0F, 0xFC, 0x00,
  0x1F, 0xF8, 0x00, 0x1F, 0xF0, 0x00, 0x3F, 0xF0, 0x00, 0x7F, 0xE0, 0x00,
  0x7F, 0xE0, 0x00, 0xFF, 0xE0, 0x00, 0xFF, 0xFC, 0x00, 0xFF, 0xF8, 0x00,
  0xFF, 0xF0, 0x00, 0xFF, 0xE0, 0x00, 0xFF, 0xC0, 0x07, 0xFF, 0x80, 0x1F,
  0xFF, 0x00, 0x7F, 0xFE, 0x01, 0xFF, 0xE0, 0x03, 0xFF, 0x00, 0x0F, 0xFE,
  0x00, 0x1F, 0xF8, 0x00, 0x3F, 0xF0, 0x00, 0xFF, 0xC0, 0x01, 0xFF, 0x80,
  0x03, 0xFF, 0x00, 0x07, 0xFE, 0x00, 0x0F, 0xFC, 0x00, 0x1F, 0xF8, 0x00,
  0x3F, 0xF0, 0x00, 0x7F, 0xE0, 0x00, 0xFF, 0xC0, 0x01, 0xFF, 0x80, 0x03,
  0xFF, 0x00, 0x07, 0xFE, 0x00, 0x0F, 0xFC, 0x00, 0x1F, 0xF8, 0x00, 0x3F,
  0xF0, 0x00, 0x7F, 0xE0, 0x00, 0xFF, 0x80, 0x03, 0xFF, 0x00, 0x07, 0xFE,
  0x00, 0x0F, 0xFC, 0x00, 0x3F, 0xF0, 0x00, 0xFF, 0xC0, 0x07, 0xFF, 0x80,
  0x1F, 0xFE, 0x00, 0x1F, 0xF8, 0x00, 0x3F, 0xE0, 0x00, 0x3F, 0x00, 0x00,
  0x78, 0x00, 0x00, 0xC0, 0x00, 0x00, 0x00, 0x7F, 0x00, 0x00, 0x00, 0x00,
  0x7F, 0xF8, 0x00, 0x0F, 0xF0, 0x7F, 0xFF, 0x00, 0x03, 0xFC, 0x3F, 0xFF,
  0xF0, 0x00, 0xFF, 0x1F, 0xFF, 0xFE, 0x00, 0x3F, 0xC7, 0xFF, 0xFF, 0xC0,
  0x1F, 0xF3, 0xFF, 0xFF, 0xF8, 0x07, 0xFC, 0xFF, 0xFF, 0xFF, 0x03, 0xFF,
  0x7F, 0xFF, 0xFF, 0xFF, 0xFF, 0x9F, 0xF8, 0x3F, 0xFF, 0xFF, 0xE7, 0xFC,
  0x03, 0xFF, 0xFF, 0xF3, 0xFE, 0x00, 0x7F, 0xFF, 0xFC, 0xFF, 0x80, 0x0F,
  0xFF, 0xFE, 0x3F, 0xC0, 0x01, 0xFF, 0xFF, 0x0F, 0xF0, 0x00, 0x3F, 0xFF,
  0x83, 0xFC, 0x00, 0x03, 0xFF, 0xC0, 0x00, 0x00, 0x00, 0x3F, 0x80, 0x00 };

const GFXglyph Roboto_Bold40pt7bGlyphs[] PROGMEM = {
  {     0,   1,   1,  19,    0,    0 },   // 0x20 ' '
  {     1,  12,  56,  21,    5,  -54 },   // 0x21 '!'
  {    85,  20,  21,  25,    2,  -58 },   // 0x22 '"'
  {   138,  43,  55,  46,    2,  -54 },   // 0x23 '#'
  {   434,  38,  72,  45,    3,  -63 },   // 0x24 '$'
  {   776,  50,  57,  58,    4,  -55 },   // 0x25 '%'
  {  1133,  47,  57,  51,    3,  -55 },   // 0x26 '&'
  {  1468,   8,  21,  13,    2,  -58 },   // 0x27 '''
  {  1489,  21,  79,  27,    5,  -61 },   // 0x28 '('
  {  1697,  21,  79,  27,    2,  -61 },   // 0x29 ')'
  {  1905,  34,  33,  35,    1,  -54 },   // 0x2A '*'
  {  2046,  38,  41,  43,    2,  -45 },   // 0x2B '+'
  {  2241,  14,  23,  19,    1,   -8 },   // 0x2C ','
  {  2282,  22,   9,  31,    4,  -28 },   // 0x2D '-'
  {  2307,  12,  11,  23,    5,   -9 },   // 0x2E '.'
  {  2324,  29,  60,  29,   -1,  -54 },   // 0x2F '/'
  {  2542,  37,  57,  45,    4,  -55 },   // 0x30 '0'
  {  2806,  25,  55,  45,    6,  -54 },   // 0x31 '1'
  {  2978,  39,  56,  45,    3,  -55 },   // 0x32 '2'
  {  3251,  39,  57,  45,    2,  -55 },   // 0x33 '3'
  {  3529,  41,  55,  45,    2,  -54 },   // 0x34 '4'
  {  3811,  38,  56,  45,    4,  -54 },   // 0x35 '5'
  {  4077,  38,  56,  45,    4,  -54 },   // 0x36 '6'
  {  4343,  39,  55,  45,    2,  -54 },   // 0x37 '7'
  {  4612,  37,  57,  45,    4,  -55 },   // 0x38 '8'
  {  4876,  38,  56,  45,    3,  -55 },   // 0x39 '9'
  {  5142,  12,  42,  22,    5,  -40 },   // 0x3A ':'
  {  5205,  15,  55,  21,    2,  -40 },   // 0x3B ';'
  {  5309,  33,  37,  40,    2,  -41 },   // 0x3C '<'
  {  5462,  34,  26,  45,    5,  -37 },   // 0x3D '='
  {  5573,  33,  37,  40,    5,  -41 },   // 0x3E '>'
  {  5726,  34,  57,  39,    2,  -55 },   // 0x3F '?'
  {  5969,  64,  71,  70,    3,  -53 },   // 0x40 '@'
  {  6537,  52,  55,  52,    0,  -54 },   // 0x41 'A'
  {  6895,  41,  55,  50,    5,  -54 },   // 0x42 'B'
  {  7177,  46,  57,  51,    3,  -55 },   // 0x43 'C'
  {  7505,  42,  55,  51,    5,  -54 },   // 0x44 'D'
  {  7794,  37,  55,  44,    5,  -54 },   // 0x45 'E'
  {  8049,  36,  55,  43,    5,  -54 },   // 0x46 'F'
  {  8297,  45,  57,  53,    4,  -55 },   // 0x47 'G'
  {  8618,  45,  55,  55,    5,  -54 },   // 0x48 'H'
  {  8928,  11,  55,  23,    6,  -54 },   // 0x49 'I'
  {  9004,  37,  56,  44,    2,  -54 },   // 0x4A 'J'
  {  9263,  45,  55,  50,    5,  -54 },   // 0x4B 'K'
  {  9573,  36,  55,  42,    5,  -54 },   // 0x4C 'L'
  {  9821,  58,  55,  68,    5,  -54 },   // 0x4D 'M'
  { 10220,  45,  55,  55,    5,  -54 },   // 0x4E 'N'
  { 10530,  48,  57,  54,    3,  -55 },   // 0x4F 'O'
  { 10872,  42,  55,  50,    5,  -54 },   // 0x50 'P'
  { 11161,  47,  66,  54,    3,  -55 },   // 0x51 'Q'
  { 11549,  43,  55,  50,    5,  -54 },   // 0x52 'R'
  { 11845,  42,  57,  48,    3,  -55 },   // 0x53 'S'
  { 12145,  45,  55,  48,    2,  -54 },   // 0x54 'T'
  { 12455,  43,  56,  51,    4,  -54 },   // 0x55 'U'
  { 12756,  51,  55,  51,    0,  -54 },   // 0x56 'V'
  { 13107,  66,  55,  68,    1,  -54 },   // 0x57 'W'
  { 13561,  48,  55,  50,    1,  -54 },   // 0x58 'X'
  { 13891,  48,  55,  48,    0,  -54 },   // 0x59 'Y'
  { 14221,  42,  55,  47,    3,  -54 },   // 0x5A 'Z'
  { 14510,  16,  77,  22,    5,  -63 },   // 0x5B '['
  { 14664,  34,  60,  33,    0,  -54 },   // 0x5C '\'
  { 14919,  17,  77,  22,    0,  -63 },   // 0x5D ']'
  { 15083,  30,  28,  34,    2,  -54 },   // 0x5E '^'
  { 15188,  35,   8,  35,    0,    1 },   // 0x5F '_'
  { 15223,  20,  12,  26,    2,  -58 },   // 0x60 '`'
  { 15253,  36,  43,  42,    3,  -41 },   // 0x61 'a'
  { 15447,  37,  60,  44,    4,  -58 },   // 0x62 'b'
  { 15725,  36,  43,  41,    3,  -41 },   // 0x63 'c'
  { 15919,  37,  60,  44,    3,  -58 },   // 0x64 'd'
  { 16197,  37,  43,  42,    3,  -41 },   // 0x65 'e'
  { 16396,  27,  60,  28,    1,  -59 },   // 0x66 'f'
  { 16599,  37,  58,  45,    3,  -41 },   // 0x67 'g'
  { 16868,  36,  59,  44,    4,  -58 },   // 0x68 'h'
  { 17134,  12,  57,  21,    4,  -56 },   // 0x69 'i'
  { 17220,  20,  73,  20,   -4,  -56 },   // 0x6A 'j'
  { 17403,  38,  59,  42,    4,  -58 },   // 0x6B 'k'
  { 17684,  11,  59,  21,    5,  -58 },   // 0x6C 'l'
  { 17766,  59,  42,  68,    4,  -41 },   // 0x6D 'm'
  { 18076,  36,  42,  44,    4,  -41 },   // 0x6E 'n'
  { 18265,  39,  43,  44,    3,  -41 },   // 0x6F 'o'
  { 18475,  37,  58,  44,    4,  -41 },   // 0x70 'p'
  { 18744,  37,  58,  44,    3,  -41 },   // 0x71 'q'
  { 19013,  24,  42,  29,    4,  -41 },   // 0x72 'r'
  { 19139,  35,  43,  40,    2,  -41 },   // 0x73 's'
  { 19328,  25,  52,  26,    0,  -50 },   // 0x74 't'
  { 19491,  36,  42,  44,    4,  -40 },   // 0x75 'u'
  { 19680,  39,  41,  40,    0,  -40 },   // 0x76 'v'
  { 19880,  55,  41,  57,    1,  -40 },   // 0x77 'w'
  { 20162,  38,  41,  40,    1,  -40 },   // 0x78 'x'
  { 20357,  39,  57,  39,    0,  -40 },   // 0x79 'y'
  { 20635,  34,  41,  40,    3,  -40 },   // 0x7A 'z'
  { 20810,  22,  75,  26,    2,  -60 },   // 0x7B '{'
  { 21017,   6,  65,  20,    7,  -54 },   // 0x7C '|'
  { 21066,  23,  75,  26,    1,  -60 },   // 0x7D '}'
  { 21282,  42,  17,  51,    4,  -30 } }; // 0x7E '~'

const GFXfont Roboto_Bold40pt7b PROGMEM = {
  (uint8_t  *)Roboto_Bold40pt7bBitmaps,
  (GFXglyph *)Roboto_Bold40pt7bGlyphs,
  0x20, 0x7E, 92 };

// Approx. 22044 bytes
